,Season,Player,Squad,F_Pos,Avg_Fanta_Score,Autogoal,Pos,Comp,Age,Match_Played,Match_Started,Min_Played,Avg_Min_Played,Goal,Assist,Penalties_Scored,Penalties_Attempted,YCards,RCards,xG,npxG,xAG,PrgC,PrgP,PrgR
18,2015-2016,GOLLINI,Verona,P,6.21,0.0,,,,,,,,,,,,,,,,,,,
22,2015-2016,RAFAEL,Verona,P,5.67,0.0,,,,,,,,,,,,,,,,,,,
23,2015-2016,BARDI,Frosinone,P,6.75,0.0,,,,,,,,,,,,,,,,,,,
24,2015-2016,SECULIN,Chievo,P,6.67,0.0,,,,,,,,,,,,,,,,,,,
25,2015-2016,NETO,Juventus,P,6.17,0.0,,,,,,,,,,,,,,,,,,,
27,2015-2016,RADUNOVIC,Atalanta,P,6.5,0.0,,,,,,,,,,,,,,,,,,,
28,2015-2016,PUGLIESI,Empoli,P,6.0,0.0,,,,,,,,,,,,,,,,,,,
29,2015-2016,LEZZERINI,Fiorentina,P,6.25,0.0,,,,,,,,,,,,,,,,,,,
31,2015-2016,COLOMBI,Carpi,P,6.25,0.0,,,,,,,,,,,,,,,,,,,
32,2015-2016,SANCTIS,Roma,P,6.38,0.0,,,,,,,,,,,,,,,,,,,
33,2015-2016,BASSI,Atalanta,P,6.5,0.0,,,,,,,,,,,,,,,,,,,
34,2015-2016,COSTA,Bologna,P,5.9,0.0,,,,,,,,,,,,,,,,,,,
35,2015-2016,BENUSSI,Carpi,P,5.75,0.0,,,,,,,,,,,,,,,,,,,
36,2015-2016,BRKIC,Carpi,P,5.12,0.0,,,,,,,,,,,,,,,,,,,
37,2015-2016,ZAPPINO,Frosinone,P,6.0,0.0,,,,,,,,,,,,,,,,,,,
38,2015-2016,CARRIZO,Inter,P,6.0,0.0,,,,,,,,,,,,,,,,,,,
39,2015-2016,ABBIATI,Milan,P,6.5,0.0,,,,,,,,,,,,,,,,,,,
40,2015-2016,GABRIEL,Napoli,P,6.0,0.0,,,,,,,,,,,,,,,,,,,
41,2015-2016,BRIGNOLI,Sampdoria,P,6.0,0.0,,,,,,,,,,,,,,,,,,,
42,2015-2016,PEGOLO,Sassuolo,P,6.25,0.0,,,,,,,,,,,,,,,,,,,
43,2015-2016,ICHAZO,Torino,P,5.5,0.0,,,,,,,,,,,,,,,,,,,
44,2015-2016,COPPOLA,Verona,P,6.0,1.0,,,,,,,,,,,,,,,,,,,
45,2015-2016,ALASTRA,Palermo,P,6.25,0.0,,,,,,,,,,,,,,,,,,,
46,2015-2016,POSAVEC,Palermo,P,7.0,0.0,,,,,,,,,,,,,,,,,,,
49,2015-2016,GO,Fiorentina,D,6.07,0.0,,,,,,,,,,,,,,,,,,,
66,2015-2016,E,Verona,D,5.82,0.0,,,,,,,,,,,,,,,,,,,
99,2015-2016,ADNAN,Udinese,D,6.02,0.0,,,,,,,,,,,,,,,,,,,
111,2015-2016,G,Palermo,D,5.56,2.0,,,,,,,,,,,,,,,,,,,
114,2015-2016,MAICON,Roma,D,6.07,0.0,,,,,,,,,,,,,,,,,,,
116,2015-2016,DANILO,Udinese,D,5.75,0.0,,,,,,,,,,,,,,,,,,,
117,2015-2016,BIANCHETTI,Verona,D,5.65,0.0,,,,,,,,,,,,,,,,,,,
118,2015-2016,HELANDER,Verona,D,5.69,0.0,,,,,,,,,,,,,,,,,,,
119,2015-2016,MORAS,Verona,D,5.92,0.0,,,,,,,,,,,,,,,,,,,
120,2015-2016,FELIPE,Udinese,D,5.81,0.0,,,,,,,,,,,,,,,,,,,
143,2015-2016,M,Frosinone,D,5.72,0.0,,,,,,,,,,,,,,,,,,,
147,2015-2016,MONTOYA,Inter,D,5.67,0.0,,,,,,,,,,,,,,,,,,,
152,2015-2016,EMERSON,Roma,D,5.88,0.0,,,,,,,,,,,,,,,,,,,
161,2015-2016,ROMULO,Verona,D,5.86,0.0,,,,,,,,,,,,,,,,,,,
172,2015-2016,F,Carpi,D,5.85,0.0,,,,,,,,,,,,,,,,,,,
173,2015-2016,O,Carpi,D,5.7,0.0,,,,,,,,,,,,,,,,,,,
181,2015-2016,ALBERTAZZI,Verona,D,5.9,0.0,,,,,,,,,,,,,,,,,,,
187,2015-2016,MARQUEZ,Verona,D,5.56,1.0,,,,,,,,,,,,,,,,,,,
188,2015-2016,SAMIR,Verona,D,5.83,0.0,,,,,,,,,,,,,,,,,,,
193,2015-2016,GILBERTO,Verona,D,5.83,0.0,,,,,,,,,,,,,,,,,,,
196,2015-2016,VRIJ,Lazio,D,5.75,0.0,,,,,,,,,,,,,,,,,,,
206,2015-2016,SOUPRAYEN,Verona,D,5.75,0.0,,,,,,,,,,,,,,,,,,,
208,2015-2016,KRAFTH,Bologna,D,6.0,0.0,,,,,,,,,,,,,,,,,,,
210,2015-2016,DJIMSITI,Atalanta,D,5.33,0.0,,,,,,,,,,,,,,,,,,,
211,2015-2016,SKRINIAR,Sampdoria,D,5.5,0.0,,,,,,,,,,,,,,,,,,,
213,2015-2016,F,Chievo,D,6.0,0.0,,,,,,,,,,,,,,,,,,,
216,2015-2016,MATTIELLO,Chievo,D,5.5,0.0,,,,,,,,,,,,,,,,,,,
217,2015-2016,CAMPORESE,Empoli,D,5.0,1.0,,,,,,,,,,,,,,,,,,,
222,2015-2016,ELY,Milan,D,4.67,1.0,,,,,,,,,,,,,,,,,,,
225,2015-2016,DAPRELA,Carpi,D,5.25,0.0,,,,,,,,,,,,,,,,,,,
228,2015-2016,CODA,Sampdoria,D,6.0,0.0,,,,,,,,,,,,,,,,,,,
230,2015-2016,REGINI,Napoli,D,5.39,0.0,,,,,,,,,,,,,,,,,,,
266,2015-2016,L,Genoa,C,5.98,0.0,,,,,,,,,,,,,,,,,,,
278,2015-2016,BADU,Udinese,C,6.11,0.0,,,,,,,,,,,,,,,,,,,
279,2015-2016,IONITA,Verona,C,5.9,0.0,,,,,,,,,,,,,,,,,,,
280,2015-2016,VIVIANI,Verona,C,6.16,0.0,,,,,,,,,,,,,,,,,,,
281,2015-2016,R,Sampdoria,C,6.0,0.0,,,,,,,,,,,,,,,,,,,
293,2015-2016,N,Chievo,C,6.02,0.0,,,,,,,,,,,,,,,,,,,
298,2015-2016,WSZOLEK,Verona,C,6.02,0.0,,,,,,,,,,,,,,,,,,,
304,2015-2016,M,Fiorentina,C,5.84,0.0,,,,,,,,,,,,,,,,,,,
305,2015-2016,M,Fiorentina,C,5.75,0.0,,,,,,,,,,,,,,,,,,,
334,2015-2016,S,Roma,C,5.97,0.0,,,,,,,,,,,,,,,,,,,
342,2015-2016,EMANUELSON,Verona,C,5.91,0.0,,,,,,,,,,,,,,,,,,,
345,2015-2016,MARRONE,Verona,C,5.74,0.0,,,,,,,,,,,,,,,,,,,
353,2015-2016,GRECO,Verona,C,5.76,0.0,,,,,,,,,,,,,,,,,,,
372,2015-2016,P,Lazio,C,6.0,0.0,,,,,,,,,,,,,,,,,,,
373,2015-2016,SIGNORELLI,Empoli,C,5.5,0.0,,,,,,,,,,,,,,,,,,,
376,2015-2016,J,Milan,C,6.0,0.0,,,,,,,,,,,,,,,,,,,
385,2015-2016,CRISTANTE,Palermo,C,5.25,0.0,,,,,,,,,,,,,,,,,,,
388,2015-2016,PORCARI,Carpi,C,5.5,0.0,,,,,,,,,,,,,,,,,,,
399,2015-2016,PRCIC,Torino,C,6.0,0.0,,,,,,,,,,,,,,,,,,,
400,2015-2016,GAGLIARDINI,Atalanta,C,6.0,0.0,,,,,,,,,,,,,,,,,,,
401,2015-2016,FURMAN,Verona,C,6.0,0.0,,,,,,,,,,,,,,,,,,,
403,2015-2016,ESTIGARRIBIA,Atalanta,C,6.0,0.0,,,,,,,,,,,,,,,,,,,
404,2015-2016,GRASSI,Napoli,C,6.04,0.0,,,,,,,,,,,,,,,,,,,
406,2015-2016,F,Bologna,C,6.0,0.0,,,,,,,,,,,,,,,,,,,
407,2015-2016,GNOUKOURI,Inter,C,5.0,0.0,,,,,,,,,,,,,,,,,,,
408,2015-2016,MORRISON,Lazio,C,5.5,0.0,,,,,,,,,,,,,,,,,,,
409,2015-2016,NOCERINO,Milan,C,5.75,0.0,,,,,,,,,,,,,,,,,,,
410,2015-2016,UCAN,Roma,C,6.25,0.0,,,,,,,,,,,,,,,,,,,
414,2015-2016,KONE,Fiorentina,C,5.5,0.0,,,,,,,,,,,,,,,,,,,
415,2015-2016,MERKEL,Udinese,C,6.0,0.0,,,,,,,,,,,,,,,,,,,
416,2015-2016,ZACCAGNI,Verona,C,6.17,0.0,,,,,,,,,,,,,,,,,,,
418,2015-2016,CHECCHIN,Verona,C,5.5,0.0,,,,,,,,,,,,,,,,,,,
420,2015-2016,ROCCA,Sampdoria,C,6.0,0.0,,,,,,,,,,,,,,,,,,,
421,2015-2016,MATUZALEM,Verona,C,5.33,0.0,,,,,,,,,,,,,,,,,,,
422,2015-2016,LOCATELLI,Milan,C,5.0,0.0,,,,,,,,,,,,,,,,,,,
452,2015-2016,TONI,Verona,A,5.93,0.0,,,,,,,,,,,,,,,,,,,
458,2015-2016,D,Frosinone,A,5.96,0.0,,,,,,,,,,,,,,,,,,,
460,2015-2016,PAZZINI,Verona,A,5.88,0.0,,,,,,,,,,,,,,,,,,,
466,2015-2016,KEITA,Lazio,A,6.18,0.0,,,,,,,,,,,,,,,,,,,
471,2015-2016,COMAN,Juventus,A,5.5,0.0,,,,,,,,,,,,,,,,,,,
472,2015-2016,DJORDJEVIC,Lazio,A,5.52,0.0,,,,,,,,,,,,,,,,,,,
501,2015-2016,GOMEZ,Verona,A,5.61,0.0,,,,,,,,,,,,,,,,,,,
502,2015-2016,SILIGARDI,Verona,A,5.74,0.0,,,,,,,,,,,,,,,,,,,
508,2015-2016,BONAZZOLI,Sampdoria,A,5.83,0.0,,,,,,,,,,,,,,,,,,,
510,2015-2016,WILCZEK,Carpi,A,5.67,0.0,,,,,,,,,,,,,,,,,,,
515,2015-2016,REBIC,Verona,A,5.69,0.0,,,,,,,,,,,,,,,,,,,
518,2015-2016,DJURDJEVIC,Palermo,A,5.75,0.0,,,,,,,,,,,,,,,,,,,
523,2015-2016,FARES,Verona,A,5.33,0.0,,,,,,,,,,,,,,,,,,,
524,2015-2016,MANAJ,Inter,A,6.0,0.0,,,,,,,,,,,,,,,,,,,
526,2015-2016,BALOGH,Palermo,A,5.0,0.0,,,,,,,,,,,,,,,,,,,
547,2016-2017,COSTA,Bologna,P,6.17,0.0,,,,,,,,,,,,,,,,,,,
550,2016-2017,GOLLINI,Atalanta,P,6.12,0.0,,,,,,,,,,,,,,,,,,,
553,2016-2017,SECULIN,Chievo,P,5.75,0.0,,,,,,,,,,,,,,,,,,,
555,2016-2017,SPORTIELLO,Fiorentina,P,5.65,0.0,,,,,,,,,,,,,,,,,,,
557,2016-2017,PELAGOTTI,Empoli,P,5.83,0.0,,,,,,,,,,,,,,,,,,,
558,2016-2017,LEZZERINI,Fiorentina,P,7.0,0.0,,,,,,,,,,,,,,,,,,,
559,2016-2017,CARRIZO,Inter,P,6.0,0.0,,,,,,,,,,,,,,,,,,,
560,2016-2017,RUBINHO,Genoa,P,4.5,0.0,,,,,,,,,,,,,,,,,,,
561,2016-2017,GABRIEL,Cagliari,P,5.67,0.0,,,,,,,,,,,,,,,,,,,
562,2016-2017,CABRAL,Napoli,P,6.0,0.0,,,,,,,,,,,,,,,,,,,
563,2016-2017,PEGOLO,Sassuolo,P,5.5,0.0,,,,,,,,,,,,,,,,,,,
564,2016-2017,PADELLI,Torino,P,6.0,0.0,,,,,,,,,,,,,,,,,,,
565,2016-2017,AUDERO,Juventus,P,6.5,0.0,,,,,,,,,,,,,,,,,,,
567,2016-2017,STORARI,Milan,P,5.97,0.0,,,,,,,,,,,,,,,,,,,
568,2016-2017,FESTA,Crotone,P,7.0,0.0,,,,,,,,,,,,,,,,,,,
569,2016-2017,DRAGOWSKI,Fiorentina,P,6.0,0.0,,,,,,,,,,,,,,,,,,,
570,2016-2017,VARGIC,Lazio,P,5.5,0.0,,,,,,,,,,,,,,,,,,,
571,2016-2017,CROSTA,Cagliari,P,7.0,0.0,,,,,,,,,,,,,,,,,,,
576,2016-2017,ALONSO,Fiorentina,D,6.25,0.0,,,,,,,,,,,,,,,,,,,
593,2016-2017,EMERSON,Roma,D,6.21,0.0,,,,,,,,,,,,,,,,,,,
604,2016-2017,DANILO,Udinese,D,5.83,1.0,,,,,,,,,,,,,,,,,,,
610,2016-2017,GO,Fiorentina,D,5.77,0.0,,,,,,,,,,,,,,,,,,,
614,2016-2017,FELIPE,Udinese,D,5.84,0.0,,,,,,,,,,,,,,,,,,,
634,2016-2017,SAMIR,Udinese,D,6.05,0.0,,,,,,,,,,,,,,,,,,,
684,2016-2017,G,Palermo,D,5.5,0.0,,,,,,,,,,,,,,,,,,,
692,2016-2017,G,Milan,D,5.65,0.0,,,,,,,,,,,,,,,,,,,
697,2016-2017,TONELLI,Napoli,D,6.5,0.0,,,,,,,,,,,,,,,,,,,
703,2016-2017,AVELAR,Torino,D,5.83,0.0,,,,,,,,,,,,,,,,,,,
705,2016-2017,ADNAN,Udinese,D,5.57,0.0,,,,,,,,,,,,,,,,,,,
709,2016-2017,ARMERO,Udinese,D,5.25,0.0,,,,,,,,,,,,,,,,,,,
714,2016-2017,MIANGUE,Cagliari,D,6.0,0.0,,,,,,,,,,,,,,,,,,,
718,2016-2017,BASTONI,Atalanta,D,6.17,0.0,,,,,,,,,,,,,,,,,,,
721,2016-2017,FERRARI,Bologna,D,5.0,0.0,,,,,,,,,,,,,,,,,,,
722,2016-2017,MORLEO,Bologna,D,6.0,0.0,,,,,,,,,,,,,,,,,,,
733,2016-2017,TERRANOVA,Sassuolo,D,5.33,0.0,,,,,,,,,,,,,,,,,,,
740,2016-2017,AJETI,Torino,D,5.38,1.0,,,,,,,,,,,,,,,,,,,
742,2016-2017,FIAMOZZI,Genoa,D,5.5,0.0,,,,,,,,,,,,,,,,,,,
743,2016-2017,F,Chievo,D,5.0,0.0,,,,,,,,,,,,,,,,,,,
746,2016-2017,VITTURINI,Pescara,D,5.83,0.0,,,,,,,,,,,,,,,,,,,
747,2016-2017,RAJKOVIC,Palermo,D,5.5,0.0,,,,,,,,,,,,,,,,,,,
750,2016-2017,L,Genoa,D,5.35,1.0,,,,,,,,,,,,,,,,,,,
751,2016-2017,L,Genoa,C,5.85,0.0,,,,,,,,,,,,,,,,,,,
752,2016-2017,CARLAO,Torino,D,5.38,0.0,,,,,,,,,,,,,,,,,,,
753,2016-2017,SAINSBURY,Inter,D,6.0,0.0,,,,,,,,,,,,,,,,,,,
801,2016-2017,BADU,Udinese,C,6.05,0.0,,,,,,,,,,,,,,,,,,,
832,2016-2017,M,Milan,C,6.05,0.0,,,,,,,,,,,,,,,,,,,
838,2016-2017,R,Sampdoria,C,5.85,0.0,,,,,,,,,,,,,,,,,,,
853,2016-2017,D,Cagliari,C,6.15,0.0,,,,,,,,,,,,,,,,,,,
873,2016-2017,C,Fiorentina,C,5.68,0.0,,,,,,,,,,,,,,,,,,,
887,2016-2017,BALIC,Udinese,C,6.0,0.0,,,,,,,,,,,,,,,,,,,
890,2016-2017,DJURICIC,Sampdoria,C,5.95,0.0,,,,,,,,,,,,,,,,,,,
897,2016-2017,CRECCO,Lazio,C,6.25,0.0,,,,,,,,,,,,,,,,,,,
910,2016-2017,N,Chievo,C,5.94,0.0,,,,,,,,,,,,,,,,,,,
913,2016-2017,J,Empoli,C,5.71,0.0,,,,,,,,,,,,,,,,,,,
914,2016-2017,PALOMBO,Sampdoria,C,5.75,0.0,,,,,,,,,,,,,,,,,,,
922,2016-2017,CARMONA,Atalanta,C,5.25,0.0,,,,,,,,,,,,,,,,,,,
923,2016-2017,CIGARINI,Sampdoria,C,5.5,0.0,,,,,,,,,,,,,,,,,,,
924,2016-2017,GNOUKOURI,Udinese,C,5.75,0.0,,,,,,,,,,,,,,,,,,,
925,2016-2017,BOUY,Palermo,C,5.5,0.0,,,,,,,,,,,,,,,,,,,
927,2016-2017,VIVES,Torino,C,5.67,0.0,,,,,,,,,,,,,,,,,,,
929,2016-2017,MAIELLO,Empoli,C,5.5,0.0,,,,,,,,,,,,,,,,,,,
930,2016-2017,GNAHORE,Crotone,C,6.0,0.0,,,,,,,,,,,,,,,,,,,
934,2016-2017,GERSON,Roma,C,5.0,0.0,,,,,,,,,,,,,,,,,,,
935,2016-2017,ARAMU,Torino,C,5.5,0.0,,,,,,,,,,,,,,,,,,,
937,2016-2017,CABEZAS,Atalanta,C,6.0,0.0,,,,,,,,,,,,,,,,,,,
938,2016-2017,BEGHETTO,Genoa,C,5.5,0.0,,,,,,,,,,,,,,,,,,,
939,2016-2017,MOROSINI,Genoa,C,5.75,0.0,,,,,,,,,,,,,,,,,,,
941,2016-2017,MELEGONI,Atalanta,C,6.0,0.0,,,,,,,,,,,,,,,,,,,
942,2016-2017,KOTNIK,Crotone,C,5.5,0.0,,,,,,,,,,,,,,,,,,,
954,2016-2017,KEITA,Lazio,A,6.65,0.0,,,,,,,,,,,,,,,,,,,
1010,2016-2017,SIMY,Crotone,A,5.7,0.0,,,,,,,,,,,,,,,,,,,
1016,2016-2017,GILARDINO,Pescara,A,5.46,0.0,,,,,,,,,,,,,,,,,,,
1026,2016-2017,DJORDJEVIC,Lazio,A,5.58,0.0,,,,,,,,,,,,,,,,,,,
1028,2016-2017,IBARBO,Cagliari,A,5.5,0.0,,,,,,,,,,,,,,,,,,,
1035,2016-2017,KEAN,Juventus,A,7.0,0.0,,,,,,,,,,,,,,,,,,,
1041,2016-2017,HAN,Cagliari,A,6.0,0.0,,,,,,,,,,,,,,,,,,,
1042,2016-2017,BENTIVEGNA,Palermo,A,6.0,0.0,,,,,,,,,,,,,,,,,,,
1044,2016-2017,PARIGINI,Chievo,A,6.0,0.0,,,,,,,,,,,,,,,,,,,
1045,2016-2017,HAGI,Fiorentina,A,6.25,0.0,,,,,,,,,,,,,,,,,,,
1048,2016-2017,PELLEGRI,Genoa,A,7.0,0.0,,,,,,,,,,,,,,,,,,,
1049,2016-2017,SILVA,Palermo,A,6.0,0.0,,,,,,,,,,,,,,,,,,,
1068,2017-2018,NICOLAS,Verona,P,6.04,0.0,,,,,,,,,,,,,,,,,,,
1071,2017-2018,A,SPAL,P,6.12,0.0,,,,,,,,,,,,,,,,,,,
1074,2017-2018,COSTA,Bologna,P,6.38,0.0,,,,,,,,,,,,,,,,,,,
1075,2017-2018,SKORUPSKI,Roma,P,6.5,0.0,,,,,,,,,,,,,,,,,,,
1076,2017-2018,LAMANNA,Genoa,P,6.5,0.0,,,,,,,,,,,,,,,,,,,
1078,2017-2018,PINSOGLIO,Juventus,P,6.0,0.0,,,,,,,,,,,,,,,,,,,
1079,2017-2018,MILINKOVIC-SAVIC,Torino,P,6.0,0.0,,,,,,,,,,,,,,,,,,,
1080,2017-2018,ROSSI,Atalanta,P,5.5,0.0,,,,,,,,,,,,,,,,,,,
1081,2017-2018,SEPE,Napoli,P,6.0,0.0,,,,,,,,,,,,,,,,,,,
1083,2017-2018,PEGOLO,Sassuolo,P,5.5,1.0,,,,,,,,,,,,,,,,,,,
1084,2017-2018,BELEC,Sampdoria,P,5.8,0.0,,,,,,,,,,,,,,,,,,,
1085,2017-2018,DRAGOWSKI,Fiorentina,P,5.5,0.0,,,,,,,,,,,,,,,,,,,
1086,2017-2018,CROSTA,Cagliari,P,4.5,0.0,,,,,,,,,,,,,,,,,,,
1087,2017-2018,SILVESTRI,Verona,P,6.5,0.0,,,,,,,,,,,,,,,,,,,
1088,2017-2018,SANTURRO,Bologna,P,6.5,0.0,,,,,,,,,,,,,,,,,,,
1096,2017-2018,ROMULO,Verona,D,6.01,0.0,,,,,,,,,,,,,,,,,,,
1116,2017-2018,ZAPPACOSTA,Torino,D,5.5,0.0,,,,,,,,,,,,,,,,,,,
1118,2017-2018,FELIPE,SPAL,D,5.78,0.0,,,,,,,,,,,,,,,,,,,
1142,2017-2018,DANILO,Udinese,D,5.77,1.0,,,,,,,,,,,,,,,,,,,
1144,2017-2018,F,SPAL,D,5.89,0.0,,,,,,,,,,,,,,,,,,,
1147,2017-2018,A,Verona,D,5.58,0.0,,,,,,,,,,,,,,,,,,,
1158,2017-2018,SAMIR,Udinese,D,5.56,2.0,,,,,,,,,,,,,,,,,,,
1167,2017-2018,FERRARI,Verona,D,5.46,0.0,,,,,,,,,,,,,,,,,,,
1183,2017-2018,ADNAN,Udinese,D,5.95,1.0,,,,,,,,,,,,,,,,,,,
1193,2017-2018,VUKOVIC,Verona,D,5.63,0.0,,,,,,,,,,,,,,,,,,,
1201,2017-2018,G,Bologna,D,5.61,0.0,,,,,,,,,,,,,,,,,,,
1211,2017-2018,B,Fiorentina,D,5.71,0.0,,,,,,,,,,,,,,,,,,,
1213,2017-2018,DALBERT,Inter,D,5.68,0.0,,,,,,,,,,,,,,,,,,,
1217,2017-2018,HOWEDES,Juventus,D,6.0,0.0,,,,,,,,,,,,,,,,,,,
1219,2017-2018,CONTI,Milan,D,6.25,0.0,,,,,,,,,,,,,,,,,,,
1220,2017-2018,TONELLI,Napoli,D,5.38,0.0,,,,,,,,,,,,,,,,,,,
1230,2017-2018,MAKSIMOVIC,Napoli,D,6.0,0.0,,,,,,,,,,,,,,,,,,,
1231,2017-2018,HEURTAUX,Verona,D,5.47,0.0,,,,,,,,,,,,,,,,,,,
1232,2017-2018,WAGUE,Udinese,D,5.0,0.0,,,,,,,,,,,,,,,,,,,
1233,2017-2018,SOUPRAYEN,Verona,D,5.2,1.0,,,,,,,,,,,,,,,,,,,
1236,2017-2018,L,SPAL,D,6.25,0.0,,,,,,,,,,,,,,,,,,,
1241,2017-2018,J,Roma,D,6.0,0.0,,,,,,,,,,,,,,,,,,,
1242,2017-2018,OIKONOMOU,SPAL,D,5.17,0.0,,,,,,,,,,,,,,,,,,,
1251,2017-2018,BASTONI,Atalanta,D,6.25,0.0,,,,,,,,,,,,,,,,,,,
1252,2017-2018,LYANCO,Torino,D,6.0,0.0,,,,,,,,,,,,,,,,,,,
1253,2017-2018,GRAVILLON,Benevento,D,5.75,0.0,,,,,,,,,,,,,,,,,,,
1256,2017-2018,FELICIOLI,Verona,D,5.75,0.0,,,,,,,,,,,,,,,,,,,
1259,2017-2018,C,Bologna,D,5.25,0.0,,,,,,,,,,,,,,,,,,,
1260,2017-2018,BEARZOTTI,Verona,D,5.5,0.0,,,,,,,,,,,,,,,,,,,
1261,2017-2018,LOPEZ,Inter,D,5.5,0.0,,,,,,,,,,,,,,,,,,,
1262,2017-2018,YAMIQ,Genoa,D,5.62,0.0,,,,,,,,,,,,,,,,,,,
1266,2017-2018,GENTILETTI,Genoa,D,5.25,0.0,,,,,,,,,,,,,,,,,,,
1268,2017-2018,S,Crotone,D,5.71,0.0,,,,,,,,,,,,,,,,,,,
1269,2017-2018,EMERSON,Roma,D,6.0,0.0,,,,,,,,,,,,,,,,,,,
1271,2017-2018,BIANCHETTI,Verona,D,5.75,0.0,,,,,,,,,,,,,,,,,,,
1273,2017-2018,BOLDOR,Verona,D,5.0,0.0,,,,,,,,,,,,,,,,,,,
1276,2017-2018,DUSSENNE,Crotone,D,5.0,0.0,,,,,,,,,,,,,,,,,,,
1277,2017-2018,KARSDORP,Roma,D,5.5,0.0,,,,,,,,,,,,,,,,,,,
1372,2017-2018,DJURICIC,Benevento,C,5.93,0.0,,,,,,,,,,,,,,,,,,,
1384,2017-2018,B,Verona,C,5.5,0.0,,,,,,,,,,,,,,,,,,,
1385,2017-2018,VALOTI,Verona,C,5.6,0.0,,,,,,,,,,,,,,,,,,,
1390,2017-2018,L,Genoa,C,5.89,0.0,,,,,,,,,,,,,,,,,,,
1402,2017-2018,CENTURION,Genoa,C,5.5,0.0,,,,,,,,,,,,,,,,,,,
1404,2017-2018,F,Verona,C,5.93,0.0,,,,,,,,,,,,,,,,,,,
1407,2017-2018,R,Sampdoria,C,5.77,0.0,,,,,,,,,,,,,,,,,,,
1412,2017-2018,C,Fiorentina,C,5.86,0.0,,,,,,,,,,,,,,,,,,,
1416,2017-2018,CALVANO,Verona,C,5.81,0.0,,,,,,,,,,,,,,,,,,,
1418,2017-2018,AARONS,Verona,C,5.4,0.0,,,,,,,,,,,,,,,,,,,
1419,2017-2018,RIZZO,Atalanta,C,6.1,0.0,,,,,,,,,,,,,,,,,,,
1420,2017-2018,N,Chievo,C,5.46,0.0,,,,,,,,,,,,,,,,,,,
1432,2017-2018,BUCHEL,Verona,C,5.57,0.0,,,,,,,,,,,,,,,,,,,
1436,2017-2018,FOSSATI,Verona,C,5.47,0.0,,,,,,,,,,,,,,,,,,,
1440,2017-2018,DIABY,Crotone,C,6.0,0.0,,,,,,,,,,,,,,,,,,,
1445,2017-2018,ZACCAGNI,Verona,C,5.25,0.0,,,,,,,,,,,,,,,,,,,
1446,2017-2018,VITALE,SPAL,C,6.0,0.0,,,,,,,,,,,,,,,,,,,
1448,2017-2018,GUSTAFSON,Torino,C,5.75,0.0,,,,,,,,,,,,,,,,,,,
1450,2017-2018,GAUDINO,Chievo,C,6.0,0.0,,,,,,,,,,,,,,,,,,,
1454,2017-2018,ZANELLATO,Crotone,C,5.5,0.0,,,,,,,,,,,,,,,,,,,
1455,2017-2018,A,Crotone,C,5.75,0.0,,,,,,,,,,,,,,,,,,,
1478,2017-2018,PAZZINI,Verona,A,5.67,0.0,,,,,,,,,,,,,,,,,,,
1488,2017-2018,SIMY,Crotone,A,6.09,0.0,,,,,,,,,,,,,,,,,,,
1494,2017-2018,CERAVOLO,Benevento,A,5.5,0.0,,,,,,,,,,,,,,,,,,,
1497,2017-2018,CERCI,Verona,A,5.76,0.0,,,,,,,,,,,,,,,,,,,
1511,2017-2018,VERDE,Verona,A,5.7,0.0,,,,,,,,,,,,,,,,,,,
1515,2017-2018,M,Benevento,A,5.75,0.0,,,,,,,,,,,,,,,,,,,
1533,2017-2018,KEAN,Verona,A,5.68,0.0,,,,,,,,,,,,,,,,,,,
1534,2017-2018,PETKOVIC,Verona,A,5.61,0.0,,,,,,,,,,,,,,,,,,,
1537,2017-2018,COP,Cagliari,A,5.5,0.0,,,,,,,,,,,,,,,,,,,
1541,2017-2018,LEE,Verona,A,5.71,0.0,,,,,,,,,,,,,,,,,,,
1542,2017-2018,MATOS,Verona,A,5.56,0.0,,,,,,,,,,,,,,,,,,,
1543,2017-2018,FARES,Verona,A,5.37,1.0,,,,,,,,,,,,,,,,,,,
1544,2017-2018,PALLADINO,Genoa,A,6.0,0.0,,,,,,,,,,,,,,,,,,,
1550,2017-2018,HAN,Cagliari,A,5.7,0.0,,,,,,,,,,,,,,,,,,,
1551,2017-2018,VIDO,Atalanta,A,5.88,0.0,,,,,,,,,,,,,,,,,,,
1552,2017-2018,SALCEDO,Genoa,A,6.0,0.0,,,,,,,,,,,,,,,,,,,
1554,2017-2018,SADIQ,Torino,A,4.67,0.0,,,,,,,,,,,,,,,,,,,
1555,2017-2018,TUPTA,Verona,A,5.75,0.0,,,,,,,,,,,,,,,,,,,
1557,2017-2018,PINAMONTI,Inter,A,6.0,0.0,,,,,,,,,,,,,,,,,,,
1558,2017-2018,FASO,Fiorentina,A,6.0,0.0,,,,,,,,,,,,,,,,,,,
1560,2017-2018,SCAMACCA,Sassuolo,A,6.0,0.0,,,,,,,,,,,,,,,,,,,
1561,2017-2018,PALOMBI,Lazio,A,5.0,0.0,,,,,,,,,,,,,,,,,,,
1562,2017-2018,LERIS,Chievo,A,5.5,0.0,,,,,,,,,,,,,,,,,,,
1563,2017-2018,ANTONUCCI,Roma,A,6.0,0.0,,,,,,,,,,,,,,,,,,,
1585,2018-2019,A,SPAL,P,6.05,0.0,,,,,,,,,,,,,,,,,,,
1588,2018-2019,TERRACCIANO,Fiorentina,P,6.35,0.0,,,,,,,,,,,,,,,,,,,
1590,2018-2019,MARCHETTI,Genoa,P,5.75,0.0,,,,,,,,,,,,,,,,,,,
1591,2018-2019,REINA,Milan,P,6.38,0.0,,,,,,,,,,,,,,,,,,,
1595,2018-2019,CABRAL,Sampdoria,P,6.0,0.0,,,,,,,,,,,,,,,,,,,
1596,2018-2019,ICHAZO,Torino,P,5.67,0.0,,,,,,,,,,,,,,,,,,,
1598,2018-2019,JANDREI,Genoa,P,6.5,0.0,,,,,,,,,,,,,,,,,,,
1599,2018-2019,PEGOLO,Sassuolo,P,6.0,0.0,,,,,,,,,,,,,,,,,,,
1600,2018-2019,BARDI,Frosinone,P,6.0,0.0,,,,,,,,,,,,,,,,,,,
1601,2018-2019,MILINKOVIC-SAVIC,SPAL,P,5.75,0.0,,,,,,,,,,,,,,,,,,,
1602,2018-2019,SECULIN,Chievo,P,5.75,0.0,,,,,,,,,,,,,,,,,,,
1603,2018-2019,GUERRIERI,Lazio,P,5.5,0.0,,,,,,,,,,,,,,,,,,,
1604,2018-2019,PINSOGLIO,Juventus,P,5.5,0.0,,,,,,,,,,,,,,,,,,,
1605,2018-2019,PROTO,Lazio,P,6.0,0.0,,,,,,,,,,,,,,,,,,,
1606,2018-2019,FRATTALI,Parma,P,6.5,0.0,,,,,,,,,,,,,,,,,,,
1625,2018-2019,DANILO,Bologna,D,6.01,0.0,,,,,,,,,,,,,,,,,,,
1639,2018-2019,FELIPE,SPAL,D,5.84,0.0,,,,,,,,,,,,,,,,,,,
1663,2018-2019,SAMIR,Udinese,D,5.88,0.0,,,,,,,,,,,,,,,,,,,
1707,2018-2019,SCHELOTTO,Chievo,D,6.0,0.0,,,,,,,,,,,,,,,,,,,
1722,2018-2019,SOARES,Inter,D,6.17,0.0,,,,,,,,,,,,,,,,,,,
1731,2018-2019,G,Bologna,D,5.73,0.0,,,,,,,,,,,,,,,,,,,
1743,2018-2019,F,SPAL,D,5.88,0.0,,,,,,,,,,,,,,,,,,,
1747,2018-2019,DALBERT,Inter,D,5.73,0.0,,,,,,,,,,,,,,,,,,,
1758,2018-2019,REGINI,SPAL,D,6.0,0.0,,,,,,,,,,,,,,,,,,,
1759,2018-2019,CHIRICHES,Napoli,D,6.25,0.0,,,,,,,,,,,,,,,,,,,
1761,2018-2019,LEMOS,Sassuolo,D,5.5,0.0,,,,,,,,,,,,,,,,,,,
1768,2018-2019,NIKOLAOU,Empoli,D,6.0,0.0,,,,,,,,,,,,,,,,,,,
1769,2018-2019,RANOCCHIA,Inter,D,6.0,0.0,,,,,,,,,,,,,,,,,,,
1772,2018-2019,RECA,Atalanta,D,6.5,0.0,,,,,,,,,,,,,,,,,,,
1773,2018-2019,PAZ,Bologna,D,5.5,0.0,,,,,,,,,,,,,,,,,,,
1775,2018-2019,TAVARES,Sampdoria,D,5.67,0.0,,,,,,,,,,,,,,,,,,,
1776,2018-2019,UNTERSEE,Empoli,D,5.5,0.0,,,,,,,,,,,,,,,,,,,
1778,2018-2019,ADNAN,Atalanta,D,5.83,0.0,,,,,,,,,,,,,,,,,,,
1779,2018-2019,WAGUE,Udinese,D,5.0,0.0,,,,,,,,,,,,,,,,,,,
1780,2018-2019,L,SPAL,D,5.38,0.0,,,,,,,,,,,,,,,,,,,
1781,2018-2019,TANASIJEVIC,Chievo,D,5.0,0.0,,,,,,,,,,,,,,,,,,,
1800,2018-2019,,Juventus,C,6.02,1.0,,,,,,,,,,,,,,,,,,,
1801,2018-2019,RUIZ,Napoli,C,6.3,0.0,,,,,,,,,,,,,,,,,,,
1858,2018-2019,STROOTMAN,Roma,C,5.5,0.0,,,,,,,,,,,,,,,,,,,
1887,2018-2019,DJURICIC,Sassuolo,C,5.82,0.0,,,,,,,,,,,,,,,,,,,
1902,2018-2019,PIAZON,Chievo,C,5.67,0.0,,,,,,,,,,,,,,,,,,,
1910,2018-2019,L,Parma,C,5.66,0.0,,,,,,,,,,,,,,,,,,,
1922,2018-2019,JANKOVIC,SPAL,C,6.0,0.0,,,,,,,,,,,,,,,,,,,
1929,2018-2019,HALLFREDSSON,Udinese,C,5.5,0.0,,,,,,,,,,,,,,,,,,,
1935,2018-2019,N,Chievo,C,5.54,0.0,,,,,,,,,,,,,,,,,,,
1939,2018-2019,MACHIN,Parma,C,5.75,0.0,,,,,,,,,,,,,,,,,,,
1946,2018-2019,BADU,Udinese,C,6.0,0.0,,,,,,,,,,,,,,,,,,,
1948,2018-2019,JORDAO,Lazio,C,6.0,0.0,,,,,,,,,,,,,,,,,,,
1950,2018-2019,CAVIGLIA,Juventus,C,6.0,0.0,,,,,,,,,,,,,,,,,,,
1953,2018-2019,J,Milan,C,5.62,0.0,,,,,,,,,,,,,,,,,,,
1954,2018-2019,DEZI,Parma,C,6.0,0.0,,,,,,,,,,,,,,,,,,,
1956,2018-2019,JM,Bologna,C,6.0,0.0,,,,,,,,,,,,,,,,,,,
1957,2018-2019,INGELSSON,Udinese,C,5.17,0.0,,,,,,,,,,,,,,,,,,,
1958,2018-2019,KULUSEVSKI,Atalanta,C,5.5,0.0,,,,,,,,,,,,,,,,,,,
1959,2018-2019,BURRUCHAGA,Chievo,C,6.0,0.0,,,,,,,,,,,,,,,,,,,
1960,2018-2019,OMEONGA,Genoa,C,5.5,0.0,,,,,,,,,,,,,,,,,,,
1961,2018-2019,CORIC,Roma,C,5.5,0.0,,,,,,,,,,,,,,,,,,,
1987,2018-2019,KEITA,Inter,A,6.02,0.0,,,,,,,,,,,,,,,,,,,
2004,2018-2019,LJAJIC,Torino,A,6.0,0.0,,,,,,,,,,,,,,,,,,,
2013,2018-2019,D,Frosinone,A,5.86,0.0,,,,,,,,,,,,,,,,,,,
2030,2018-2019,E,Atalanta,A,5.78,0.0,,,,,,,,,,,,,,,,,,,
2045,2018-2019,DJORDJEVIC,Chievo,A,5.42,0.0,,,,,,,,,,,,,,,,,,,
2053,2018-2019,MEDEIROS,Genoa,A,5.25,0.0,,,,,,,,,,,,,,,,,,,
2059,2018-2019,DESPODOV,Cagliari,A,5.67,0.0,,,,,,,,,,,,,,,,,,,
2062,2018-2019,EDERA,Bologna,A,5.5,0.0,,,,,,,,,,,,,,,,,,,
2064,2018-2019,NETO,Lazio,A,6.0,0.0,,,,,,,,,,,,,,,,,,,
2066,2018-2019,SCHIAPPACASSE,Parma,A,5.33,0.0,,,,,,,,,,,,,,,,,,,
2067,2018-2019,A,Empoli,A,6.0,0.0,,,,,,,,,,,,,,,,,,,
2068,2018-2019,ODGAARD,Sassuolo,A,6.0,0.0,,,,,,,,,,,,,,,,,,,
2069,2018-2019,CRUZ,Parma,A,5.5,0.0,,,,,,,,,,,,,,,,,,,
2070,2018-2019,DALMONTE,Genoa,A,5.75,0.0,,,,,,,,,,,,,,,,,,,
2071,2018-2019,PICCOLI,Atalanta,A,5.5,0.0,,,,,,,,,,,,,,,,,,,
2072,2018-2019,ARDAIZ,Frosinone,A,5.5,0.0,,,,,,,,,,,,,,,,,,,
2073,2018-2019,DORATIOTTO,Cagliari,A,5.5,0.0,,,,,,,,,,,,,,,,,,,
2082,2019-2020,SILVESTRI,Verona,P,6.2,0.0,,,,,,,,,,,,,,,,,,,
2101,2019-2020,PINSOGLIO,Juventus,P,6.0,0.0,,,,,,,,,,,,,,,,,,,
2103,2019-2020,RADUNOVIC,Verona,P,5.83,0.0,,,,,,,,,,,,,,,,,,,
2104,2019-2020,COSTA,Bologna,P,6.0,0.0,,,,,,,,,,,,,,,,,,,
2105,2019-2020,UJKANI,Torino,P,6.5,0.0,,,,,,,,,,,,,,,,,,,
2106,2019-2020,REINA,Milan,P,6.5,0.0,,,,,,,,,,,,,,,,,,,
2107,2019-2020,COLOMBI,Parma,P,6.25,0.0,,,,,,,,,,,,,,,,,,,
2108,2019-2020,PADELLI,Inter,P,5.33,0.0,,,,,,,,,,,,,,,,,,,
2110,2019-2020,RADU,Parma,P,6.03,0.0,,,,,,,,,,,,,,,,,,,
2111,2019-2020,FALCONE,Sampdoria,P,6.0,0.0,,,,,,,,,,,,,,,,,,,
2112,2019-2020,ROSSI,Atalanta,P,6.0,0.0,,,,,,,,,,,,,,,,,,,
2113,2019-2020,FUZATO,Roma,P,6.0,0.0,,,,,,,,,,,,,,,,,,,
2114,2019-2020,ROSATI,Torino,P,5.5,0.0,,,,,,,,,,,,,,,,,,,
2116,2019-2020,ALFONSO,Brescia,P,5.83,0.0,,,,,,,,,,,,,,,,,,,
2117,2019-2020,THIAM,SPAL,P,6.0,0.0,,,,,,,,,,,,,,,,,,,
2119,2019-2020,TURATI,Sassuolo,P,6.25,0.0,,,,,,,,,,,,,,,,,,,
2120,2019-2020,BEGOVIC,Milan,P,6.25,0.0,,,,,,,,,,,,,,,,,,,
2129,2019-2020,FARAONI,Verona,D,6.1,0.0,,,,,,,,,,,,,,,,,,,
2148,2019-2020,DANILO,Bologna,D,5.95,0.0,,,,,,,,,,,,,,,,,,,
2158,2019-2020,CHIELLINI,Juventus,D,6.12,0.0,,,,,,,,,,,,,,,,,,,
2165,2019-2020,RRAHMANI,Verona,D,5.94,0.0,,,,,,,,,,,,,,,,,,,
2174,2019-2020,DALBERT,Fiorentina,D,5.85,0.0,,,,,,,,,,,,,,,,,,,
2180,2019-2020,KUMBULLA,Verona,D,6.15,0.0,,,,,,,,,,,,,,,,,,,
2199,2019-2020,SINGO,Torino,D,6.33,0.0,,,,,,,,,,,,,,,,,,,
2206,2019-2020,SAMIR,Udinese,D,5.68,0.0,,,,,,,,,,,,,,,,,,,
2210,2019-2020,GUNTER,Verona,D,5.81,0.0,,,,,,,,,,,,,,,,,,,
2214,2019-2020,DIMARCO,Verona,D,6.0,1.0,,,,,,,,,,,,,,,,,,,
2238,2019-2020,CALAFIORI,Roma,D,6.5,0.0,,,,,,,,,,,,,,,,,,,
2244,2019-2020,JESUS,Roma,D,5.0,0.0,,,,,,,,,,,,,,,,,,,
2249,2019-2020,REGINI,Parma,D,5.88,0.0,,,,,,,,,,,,,,,,,,,
2272,2019-2020,ARANA,Atalanta,D,6.0,0.0,,,,,,,,,,,,,,,,,,,
2282,2019-2020,ZUKANOVIC,SPAL,D,5.67,0.0,,,,,,,,,,,,,,,,,,,
2285,2019-2020,FELIPE,SPAL,D,5.46,0.0,,,,,,,,,,,,,,,,,,,
2286,2019-2020,ADJAPONG,Verona,D,5.5,0.0,,,,,,,,,,,,,,,,,,,
2292,2019-2020,YAMIQ,Genoa,D,5.0,0.0,,,,,,,,,,,,,,,,,,,
2294,2019-2020,MALCUIT,Napoli,D,6.0,0.0,,,,,,,,,,,,,,,,,,,
2295,2019-2020,CORBO,Bologna,D,4.75,0.0,,,,,,,,,,,,,,,,,,,
2296,2019-2020,RANIERI,Fiorentina,D,5.5,0.0,,,,,,,,,,,,,,,,,,,
2298,2019-2020,BENZAR,Lecce,D,5.5,0.0,,,,,,,,,,,,,,,,,,,
2299,2019-2020,TRIPALDELLI,Sassuolo,D,5.5,0.0,,,,,,,,,,,,,,,,,,,
2300,2019-2020,BOCCHETTI,Verona,D,5.9,0.0,,,,,,,,,,,,,,,,,,,
2301,2019-2020,PINNA,Cagliari,D,6.5,0.0,,,,,,,,,,,,,,,,,,,
2302,2019-2020,D,Lecce,D,5.5,0.0,,,,,,,,,,,,,,,,,,,
2303,2019-2020,DAWIDOWICZ,Verona,D,5.9,0.0,,,,,,,,,,,,,,,,,,,
2304,2019-2020,EMPEREUR,Verona,D,5.95,0.0,,,,,,,,,,,,,,,,,,,
2305,2019-2020,L,Verona,D,6.0,0.0,,,,,,,,,,,,,,,,,,,
2308,2019-2020,CZYBORRA,Atalanta,D,6.0,0.0,,,,,,,,,,,,,,,,,,,
2309,2019-2020,BELLANOVA,Atalanta,D,6.0,0.0,,,,,,,,,,,,,,,,,,,
2330,2019-2020,LAZOVIC,Verona,C,6.2,0.0,,,,,,,,,,,,,,,,,,,
2332,2019-2020,DJURICIC,Sassuolo,C,6.15,0.0,,,,,,,,,,,,,,,,,,,
2333,2019-2020,PESSINA,Verona,C,6.04,0.0,,,,,,,,,,,,,,,,,,,
2341,2019-2020,VELOSO,Verona,C,6.06,0.0,,,,,,,,,,,,,,,,,,,
2347,2019-2020,RUIZ,Napoli,C,5.97,0.0,,,,,,,,,,,,,,,,,,,
2349,2019-2020,ZACCAGNI,Verona,C,6.11,0.0,,,,,,,,,,,,,,,,,,,
2363,2019-2020,AMRABAT,Verona,C,6.29,0.0,,,,,,,,,,,,,,,,,,,
2370,2019-2020,VERRE,Verona,C,5.95,0.0,,,,,,,,,,,,,,,,,,,
2383,2019-2020,BORINI,Verona,C,5.97,0.0,,,,,,,,,,,,,,,,,,,
2450,2019-2020,KINGSLEY,Bologna,C,6.0,0.0,,,,,,,,,,,,,,,,,,,
2459,2019-2020,LAXALT,Milan,C,5.67,0.0,,,,,,,,,,,,,,,,,,,
2462,2019-2020,,Juventus,C,5.57,0.0,,,,,,,,,,,,,,,,,,,
2471,2019-2020,ROVELLA,Genoa,C,6.0,0.0,,,,,,,,,,,,,,,,,,,
2473,2019-2020,AGUDELO,Fiorentina,C,5.85,0.0,,,,,,,,,,,,,,,,,,,
2475,2019-2020,MALDINI,Milan,C,6.0,0.0,,,,,,,,,,,,,,,,,,,
2476,2019-2020,ASKILDSEN,Sampdoria,C,6.0,0.0,,,,,,,,,,,,,,,,,,,
2482,2019-2020,BARRETO,Sampdoria,C,5.5,0.0,,,,,,,,,,,,,,,,,,,
2483,2019-2020,BADU,Verona,C,5.5,0.0,,,,,,,,,,,,,,,,,,,
2486,2019-2020,CRISTOFORO,Fiorentina,C,5.5,0.0,,,,,,,,,,,,,,,,,,,
2487,2019-2020,MOROSINI,Brescia,C,6.0,0.0,,,,,,,,,,,,,,,,,,,
2488,2019-2020,EYSSERIC,Verona,C,5.75,0.0,,,,,,,,,,,,,,,,,,,
2490,2019-2020,IMBULA,Lecce,C,5.67,0.0,,,,,,,,,,,,,,,,,,,
2491,2019-2020,BERISHA,Lazio,C,6.0,0.0,,,,,,,,,,,,,,,,,,,
2493,2019-2020,AGOUME,Inter,C,6.0,0.0,,,,,,,,,,,,,,,,,,,
2494,2019-2020,TREMOLADA,Brescia,C,5.5,0.0,,,,,,,,,,,,,,,,,,,
2496,2019-2020,HENDERSON,Verona,C,6.0,0.0,,,,,,,,,,,,,,,,,,,
2497,2019-2020,FELIPPE,Verona,C,6.0,0.0,,,,,,,,,,,,,,,,,,,
2541,2019-2020,SILVA,Milan,A,5.5,0.0,,,,,,,,,,,,,,,,,,,
2543,2019-2020,CARMINE,Verona,A,5.95,0.0,,,,,,,,,,,,,,,,,,,
2562,2019-2020,STEPINSKI,Verona,A,5.88,0.0,,,,,,,,,,,,,,,,,,,
2565,2019-2020,SALCEDO,Verona,A,6.03,0.0,,,,,,,,,,,,,,,,,,,
2572,2019-2020,PAZZINI,Verona,A,6.28,0.0,,,,,,,,,,,,,,,,,,,
2575,2019-2020,GUMUS,Genoa,A,6.25,0.0,,,,,,,,,,,,,,,,,,,
2579,2019-2020,ZANIMACCHIA,Juventus,A,6.0,0.0,,,,,,,,,,,,,,,,,,,
2586,2019-2020,E,Sampdoria,A,5.64,0.0,,,,,,,,,,,,,,,,,,,
2588,2019-2020,PAVOLETTI,Cagliari,A,5.5,0.0,,,,,,,,,,,,,,,,,,,
2589,2019-2020,MATRI,Sassuolo,A,5.67,0.0,,,,,,,,,,,,,,,,,,,
2594,2019-2020,ANTONUCCI,Roma,A,5.75,0.0,,,,,,,,,,,,,,,,,,,
2595,2019-2020,MONCINI,SPAL,A,5.33,0.0,,,,,,,,,,,,,,,,,,,
2598,2019-2020,PICCOLI,Atalanta,A,5.5,0.0,,,,,,,,,,,,,,,,,,,
2600,2019-2020,TUTINO,Verona,A,5.5,0.0,,,,,,,,,,,,,,,,,,,
2601,2019-2020,PEDRO,Fiorentina,A,5.5,0.0,,,,,,,,,,,,,,,,,,,
2602,2019-2020,DIALLO,Atalanta,A,7.0,0.0,,,,,,,,,,,,,,,,,,,
2603,2019-2020,CLEONISE,Genoa,A,6.0,0.0,,,,,,,,,,,,,,,,,,,
2604,2019-2020,GAGLIANO,Cagliari,A,7.5,0.0,,,,,,,,,,,,,,,,,,,
2616,2020-2021,SILVESTRI,Verona,P,6.21,1.0,,,,,,,,,,,,,,,,,,,
2621,2020-2021,TERRACCIANO,Fiorentina,P,6.25,0.0,,,,,,,,,,,,,,,,,,,
2626,2020-2021,VICARIO,Cagliari,P,6.5,0.0,,,,,,,,,,,,,,,,,,,
2628,2020-2021,RADU,Inter,P,6.0,0.0,,,,,,,,,,,,,,,,,,,
2632,2020-2021,PANDUR,Verona,P,6.12,0.0,,,,,,,,,,,,,,,,,,,
2634,2020-2021,RAFAEL,Spezia,P,7.0,0.0,,,,,,,,,,,,,,,,,,,
2635,2020-2021,FESTA,Crotone,P,7.0,0.0,,,,,,,,,,,,,,,,,,,
2636,2020-2021,BERARDI,Verona,P,6.0,0.0,,,,,,,,,,,,,,,,,,,
2637,2020-2021,LETICA,Sampdoria,P,6.5,0.0,,,,,,,,,,,,,,,,,,,
2638,2020-2021,CRESPI,Crotone,P,6.5,0.0,,,,,,,,,,,,,,,,,,,
2639,2020-2021,UJKANI,Torino,P,6.0,0.0,,,,,,,,,,,,,,,,,,,
2640,2020-2021,PADELLI,Inter,P,6.0,0.0,,,,,,,,,,,,,,,,,,,
2642,2020-2021,PINSOGLIO,Juventus,P,6.0,0.0,,,,,,,,,,,,,,,,,,,
2645,2020-2021,PALEARI,Genoa,P,6.17,0.0,,,,,,,,,,,,,,,,,,,
2646,2020-2021,COSTA,Bologna,P,5.42,0.0,,,,,,,,,,,,,,,,,,,
2647,2020-2021,TATARUSANU,Milan,P,5.0,0.0,,,,,,,,,,,,,,,,,,,
2648,2020-2021,MARCHETTI,Genoa,P,5.88,0.0,,,,,,,,,,,,,,,,,,,
2649,2020-2021,COLOMBI,Parma,P,6.0,0.0,,,,,,,,,,,,,,,,,,,
2650,2020-2021,PEGOLO,Sassuolo,P,6.5,0.0,,,,,,,,,,,,,,,,,,,
2651,2020-2021,SCUFFET,Udinese,P,5.0,0.0,,,,,,,,,,,,,,,,,,,
2652,2020-2021,NICOLAS,Udinese,P,5.5,0.0,,,,,,,,,,,,,,,,,,,
2653,2020-2021,RAVAGLIA,Bologna,P,5.88,0.0,,,,,,,,,,,,,,,,,,,
2654,2020-2021,MANFREDINI,Benevento,P,5.0,0.0,,,,,,,,,,,,,,,,,,,
2660,2020-2021,DIMARCO,Verona,D,6.14,0.0,,,,,,,,,,,,,,,,,,,
2665,2020-2021,FARAONI,Verona,D,6.07,0.0,,,,,,,,,,,,,,,,,,,
2711,2020-2021,SAMIR,Udinese,D,5.9,0.0,,,,,,,,,,,,,,,,,,,
2716,2020-2021,GUNTER,Verona,D,5.98,0.0,,,,,,,,,,,,,,,,,,,
2743,2020-2021,SCIGLIO,Juventus,D,6.0,0.0,,,,,,,,,,,,,,,,,,,
2745,2020-2021,CECCHERINI,Verona,D,5.91,1.0,,,,,,,,,,,,,,,,,,,
2746,2020-2021,BASTOS,Lazio,D,5.75,0.0,,,,,,,,,,,,,,,,,,,
2749,2020-2021,MAGNANI,Verona,D,6.09,1.0,,,,,,,,,,,,,,,,,,,
2752,2020-2021,DAWIDOWICZ,Verona,D,5.87,0.0,,,,,,,,,,,,,,,,,,,
2768,2020-2021,EMPEREUR,Verona,D,5.62,0.0,,,,,,,,,,,,,,,,,,,
2777,2020-2021,DERMAKU,Parma,D,5.75,0.0,,,,,,,,,,,,,,,,,,,
2781,2020-2021,CAPRADOSSI,Spezia,D,6.5,0.0,,,,,,,,,,,,,,,,,,,
2782,2020-2021,DANILO,Bologna,D,5.6,0.0,,,,,,,,,,,,,,,,,,,
2792,2020-2021,LOVATO,Verona,D,5.93,0.0,,,,,,,,,,,,,,,,,,,
2800,2020-2021,MATTIELLO,Spezia,D,6.0,0.0,,,,,,,,,,,,,,,,,,,
2806,2020-2021,OLIVERA,Fiorentina,D,6.0,0.0,,,,,,,,,,,,,,,,,,,
2807,2020-2021,FARAGO,Bologna,D,5.5,0.0,,,,,,,,,,,,,,,,,,,
2812,2020-2021,CETIN,Verona,D,5.92,0.0,,,,,,,,,,,,,,,,,,,
2818,2020-2021,BALOGH,Parma,D,5.83,0.0,,,,,,,,,,,,,,,,,,,
2819,2020-2021,UDOGIE,Verona,D,6.0,0.0,,,,,,,,,,,,,,,,,,,
2820,2020-2021,PASTINA,Benevento,D,6.33,0.0,,,,,,,,,,,,,,,,,,,
2821,2020-2021,RICCI,Parma,D,6.0,0.0,,,,,,,,,,,,,,,,,,,
2823,2020-2021,ZAGARITIS,Parma,D,6.0,0.0,,,,,,,,,,,,,,,,,,,
2830,2020-2021,REGINI,Sampdoria,D,4.5,1.0,,,,,,,,,,,,,,,,,,,
2838,2020-2021,MAZZOTTA,Crotone,D,4.5,0.0,,,,,,,,,,,,,,,,,,,
2839,2020-2021,BARRECA,Fiorentina,D,5.75,0.0,,,,,,,,,,,,,,,,,,,
2840,2020-2021,MUSACCHIO,Lazio,D,6.0,0.0,,,,,,,,,,,,,,,,,,,
2843,2020-2021,CALABRESI,Cagliari,D,6.0,0.0,,,,,,,,,,,,,,,,,,,
2847,2020-2021,VAVRO,Lazio,D,5.5,0.0,,,,,,,,,,,,,,,,,,,
2851,2020-2021,DUARTE,Milan,D,6.0,0.0,,,,,,,,,,,,,,,,,,,
2853,2020-2021,CALAFIORI,Roma,D,6.0,0.0,,,,,,,,,,,,,,,,,,,
2855,2020-2021,RUEGG,Verona,D,6.0,0.0,,,,,,,,,,,,,,,,,,,
2856,2020-2021,PICCINI,Atalanta,D,5.5,0.0,,,,,,,,,,,,,,,,,,,
2859,2020-2021,ONGUENE,Genoa,D,5.0,0.0,,,,,,,,,,,,,,,,,,,
2873,2020-2021,ZACCAGNI,Verona,C,6.3,0.0,,,,,,,,,,,,,,,,,,,
2878,2020-2021,BARAK,Verona,C,6.09,0.0,,,,,,,,,,,,,,,,,,,
2884,2020-2021,LAZOVIC,Verona,C,6.15,0.0,,,,,,,,,,,,,,,,,,,
2886,2020-2021,DJURICIC,Sassuolo,C,6.0,0.0,,,,,,,,,,,,,,,,,,,
2903,2020-2021,COSTA,Juventus,C,6.0,0.0,,,,,,,,,,,,,,,,,,,
2905,2020-2021,RUIZ,Napoli,C,6.03,0.0,,,,,,,,,,,,,,,,,,,
2920,2020-2021,VELOSO,Verona,C,6.05,0.0,,,,,,,,,,,,,,,,,,,
2922,2020-2021,ILIC,Verona,C,5.93,0.0,,,,,,,,,,,,,,,,,,,
2932,2020-2021,BERENGUER,Torino,C,6.0,0.0,,,,,,,,,,,,,,,,,,,
2938,2020-2021,TAMEZE,Verona,C,5.92,0.0,,,,,,,,,,,,,,,,,,,
2949,2020-2021,ARTHUR,Juventus,C,6.02,0.0,,,,,,,,,,,,,,,,,,,
2953,2020-2021,BESSA,Verona,C,5.96,0.0,,,,,,,,,,,,,,,,,,,
2975,2020-2021,AKPRO,Lazio,C,5.96,0.0,,,,,,,,,,,,,,,,,,,
2980,2020-2021,STURARO,Verona,C,5.77,0.0,,,,,,,,,,,,,,,,,,,
3013,2020-2021,DANZI,Verona,C,5.5,0.0,,,,,,,,,,,,,,,,,,,
3015,2020-2021,PORTANOVA,Genoa,C,5.7,0.0,,,,,,,,,,,,,,,,,,,
3016,2020-2021,ANDERSON,Lazio,C,5.5,0.0,,,,,,,,,,,,,,,,,,,
3023,2020-2021,ZALEWSKI,Roma,C,6.0,0.0,,,,,,,,,,,,,,,,,,,
3024,2020-2021,DEZI,Parma,C,5.75,0.0,,,,,,,,,,,,,,,,,,,
3025,2020-2021,JAJALO,Udinese,C,5.5,0.0,,,,,,,,,,,,,,,,,,,
3027,2020-2021,PARIGINI,Genoa,C,6.0,0.0,,,,,,,,,,,,,,,,,,,
3028,2020-2021,COULIBALY,Udinese,C,6.0,0.0,,,,,,,,,,,,,,,,,,,
3029,2020-2021,MORA,Spezia,C,5.75,0.0,,,,,,,,,,,,,,,,,,,
3030,2020-2021,CROCIATA,Crotone,C,5.75,0.0,,,,,,,,,,,,,,,,,,,
3033,2020-2021,SCOZZARELLA,Parma,C,5.5,0.0,,,,,,,,,,,,,,,,,,,
3034,2020-2021,VIEIRA,Verona,C,5.62,0.0,,,,,,,,,,,,,,,,,,,
3035,2020-2021,FAGIOLI,Juventus,C,6.0,0.0,,,,,,,,,,,,,,,,,,,
3037,2020-2021,PALUMBO,Udinese,C,5.0,0.0,,,,,,,,,,,,,,,,,,,
3038,2020-2021,GOMELT,Crotone,C,6.0,0.0,,,,,,,,,,,,,,,,,,,
3040,2020-2021,MASTINU,Spezia,C,5.5,0.0,,,,,,,,,,,,,,,,,,,
3041,2020-2021,EYANGO,Genoa,C,6.5,0.0,,,,,,,,,,,,,,,,,,,
3042,2020-2021,KOSZNOVSZKY,Parma,C,5.0,0.0,,,,,,,,,,,,,,,,,,,
3052,2020-2021,SIMY,Crotone,A,6.12,0.0,,,,,,,,,,,,,,,,,,,
3077,2020-2021,KEITA,Sampdoria,A,6.0,0.0,,,,,,,,,,,,,,,,,,,
3115,2020-2021,LASAGNA,Verona,A,5.63,0.0,,,,,,,,,,,,,,,,,,,
3116,2020-2021,SALCEDO,Verona,A,5.88,0.0,,,,,,,,,,,,,,,,,,,
3128,2020-2021,KALINIC,Verona,A,5.74,0.0,,,,,,,,,,,,,,,,,,,
3129,2020-2021,FAVILLI,Verona,A,5.94,0.0,,,,,,,,,,,,,,,,,,,
3132,2020-2021,COLLEY,Verona,A,5.95,0.0,,,,,,,,,,,,,,,,,,,
3139,2020-2021,BRAAF,Udinese,A,6.17,0.0,,,,,,,,,,,,,,,,,,,
3141,2020-2021,ZIRKZEE,Parma,A,5.5,0.0,,,,,,,,,,,,,,,,,,,
3142,2020-2021,KOKORIN,Fiorentina,A,5.75,0.0,,,,,,,,,,,,,,,,,,,
3144,2020-2021,TUPTA,Verona,A,5.0,0.0,,,,,,,,,,,,,,,,,,,
3145,2020-2021,EDERA,Torino,A,6.5,0.0,,,,,,,,,,,,,,,,,,,
3146,2020-2021,MICIN,Udinese,A,5.5,0.0,,,,,,,,,,,,,,,,,,,
3149,2020-2021,KARGBO,Crotone,A,5.5,0.0,,,,,,,,,,,,,,,,,,,
3151,2020-2021,TRAORE,Parma,A,5.5,0.0,,,,,,,,,,,,,,,,,,,
3152,2020-2021,KALLON,Genoa,A,6.5,0.0,,,,,,,,,,,,,,,,,,,
3154,2020-2021,SILIGARDI,Crotone,A,5.67,0.0,,,,,,,,,,,,,,,,,,,
3155,2020-2021,SANTANDER,Bologna,A,5.75,0.0,,,,,,,,,,,,,,,,,,,
3156,2020-2021,SPROCATI,Parma,A,5.5,0.0,,,,,,,,,,,,,,,,,,,
3157,2020-2021,SCHIAPPACASSE,Sassuolo,A,6.0,0.0,,,,,,,,,,,,,,,,,,,
3158,2020-2021,MILLICO,Torino,A,6.0,0.0,,,,,,,,,,,,,,,,,,,
3160,2020-2021,COLOMBO,Milan,A,5.75,0.0,,,,,,,,,,,,,,,,,,,
3178,2021-2022,MONTIPO,Verona,P,6.09,0.0,,,,,,,,,,,,,,,,,,,
3189,2021-2022,BARDI,Bologna,P,6.25,0.0,,,,,,,,,,,,,,,,,,,
3190,2021-2022,PADELLI,Udinese,P,6.17,0.0,,,,,,,,,,,,,,,,,,,
3192,2021-2022,PINSOGLIO,Juventus,P,6.5,0.0,,,,,,,,,,,,,,,,,,,
3193,2021-2022,SEMPER,Genoa,P,6.5,0.0,,,,,,,,,,,,,,,,,,,
3194,2021-2022,ZOVKO,Spezia,P,6.0,0.0,,,,,,,,,,,,,,,,,,,
3195,2021-2022,RADUNOVIC,Cagliari,P,6.33,0.0,,,,,,,,,,,,,,,,,,,
3200,2021-2022,PEGOLO,Sassuolo,P,6.0,0.0,,,,,,,,,,,,,,,,,,,
3201,2021-2022,RADU,Inter,P,4.0,0.0,,,,,,,,,,,,,,,,,,,
3202,2021-2022,FIORILLO,Salernitana,P,6.0,0.0,,,,,,,,,,,,,,,,,,,
3203,2021-2022,ROSSI,Atalanta,P,6.0,0.0,,,,,,,,,,,,,,,,,,,
3205,2021-2022,BERARDI,Verona,P,6.5,0.0,,,,,,,,,,,,,,,,,,,
3206,2021-2022,GEMELLO,Torino,P,6.5,0.0,,,,,,,,,,,,,,,,,,,
3207,2021-2022,RAVAGLIA,Sampdoria,P,6.0,0.0,,,,,,,,,,,,,,,,,,,
3208,2021-2022,PANDUR,Verona,P,6.17,0.0,,,,,,,,,,,,,,,,,,,
3215,2021-2022,FARAONI,Verona,D,6.08,0.0,,,,,,,,,,,,,,,,,,,
3264,2021-2022,CECCHERINI,Verona,D,5.88,0.0,,,,,,,,,,,,,,,,,,,
3281,2021-2022,SAMIR,Udinese,D,5.94,0.0,,,,,,,,,,,,,,,,,,,
3282,2021-2022,SPINAZZOLA,Roma,D,6.25,0.0,,,,,,,,,,,,,,,,,,,
3286,2021-2022,DEPAOLI,Verona,D,5.83,0.0,,,,,,,,,,,,,,,,,,,
3293,2021-2022,CASALE,Verona,D,5.85,0.0,,,,,,,,,,,,,,,,,,,
3319,2021-2022,FARES,Torino,D,5.83,0.0,,,,,,,,,,,,,,,,,,,
3327,2021-2022,DALBERT,Cagliari,D,5.7,0.0,,,,,,,,,,,,,,,,,,,
3331,2021-2022,GUNTER,Verona,D,5.8,1.0,,,,,,,,,,,,,,,,,,,
3336,2021-2022,SUTALO,Verona,D,5.78,0.0,,,,,,,,,,,,,,,,,,,
3367,2021-2022,MANOLAS,Napoli,D,5.62,0.0,,,,,,,,,,,,,,,,,,,
3370,2021-2022,FARAGO,Cagliari,D,5.5,0.0,,,,,,,,,,,,,,,,,,,
3373,2021-2022,RETSOS,Verona,D,5.5,0.0,,,,,,,,,,,,,,,,,,,
3374,2021-2022,MAGNANI,Sampdoria,D,5.79,0.0,,,,,,,,,,,,,,,,,,,
3380,2021-2022,CALAFIORI,Genoa,D,5.62,0.0,,,,,,,,,,,,,,,,,,,
3381,2021-2022,FRABOTTA,Verona,D,6.0,0.0,,,,,,,,,,,,,,,,,,,
3382,2021-2022,VIGNALI,Spezia,D,4.5,0.0,,,,,,,,,,,,,,,,,,,
3385,2021-2022,KAMENOVIC,Lazio,D,5.5,0.0,,,,,,,,,,,,,,,,,,,
3386,2021-2022,AYA,Salernitana,D,5.0,0.0,,,,,,,,,,,,,,,,,,,
3391,2021-2022,SERPE,Genoa,D,5.5,0.0,,,,,,,,,,,,,,,,,,,
3393,2021-2022,COPPOLA,Verona,D,5.83,0.0,,,,,,,,,,,,,,,,,,,
3396,2021-2022,MAIO,Udinese,D,4.0,0.0,,,,,,,,,,,,,,,,,,,
3402,2021-2022,KOLAROV,Inter,D,6.0,0.0,,,,,,,,,,,,,,,,,,,
3407,2021-2022,DAWIDOWICZ,Verona,D,5.77,0.0,,,,,,,,,,,,,,,,,,,
3408,2021-2022,CETIN,Verona,D,6.0,0.0,,,,,,,,,,,,,,,,,,,
3410,2021-2022,SCHNEGG,Venezia,D,5.67,0.0,,,,,,,,,,,,,,,,,,,
3413,2021-2022,BERTOLA,Spezia,D,6.5,0.0,,,,,,,,,,,,,,,,,,,
3416,2021-2022,BARAK,Verona,C,6.31,0.0,,,,,,,,,,,,,,,,,,,
3419,2021-2022,RUIZ,Napoli,C,6.42,0.0,,,,,,,,,,,,,,,,,,,
3436,2021-2022,TAMEZE,Verona,C,6.25,0.0,,,,,,,,,,,,,,,,,,,
3444,2021-2022,LAZOVIC,Verona,C,6.22,0.0,,,,,,,,,,,,,,,,,,,
3472,2021-2022,ILIC,Verona,C,6.06,1.0,,,,,,,,,,,,,,,,,,,
3498,2021-2022,DJURICIC,Sassuolo,C,6.1,0.0,,,,,,,,,,,,,,,,,,,
3525,2021-2022,VELOSO,Verona,C,6.05,0.0,,,,,,,,,,,,,,,,,,,
3537,2021-2022,HONGLA,Verona,C,5.77,0.0,,,,,,,,,,,,,,,,,,,
3543,2021-2022,BESSA,Verona,C,5.78,0.0,,,,,,,,,,,,,,,,,,,
3552,2021-2022,ARTHUR,Juventus,C,5.93,0.0,,,,,,,,,,,,,,,,,,,
3557,2021-2022,GALDAMES,Genoa,C,5.64,0.0,,,,,,,,,,,,,,,,,,,
3563,2021-2022,CIERVO,Sassuolo,C,6.0,0.0,,,,,,,,,,,,,,,,,,,
3571,2021-2022,CROCIATA,Empoli,C,6.0,0.0,,,,,,,,,,,,,,,,,,,
3573,2021-2022,RAMSEY,Juventus,C,5.83,0.0,,,,,,,,,,,,,,,,,,,
3584,2021-2022,NGUIAMBA,Spezia,C,6.25,0.0,,,,,,,,,,,,,,,,,,,
3585,2021-2022,DIAWARA,Roma,C,5.67,0.0,,,,,,,,,,,,,,,,,,,
3586,2021-2022,DEZI,Venezia,C,6.0,0.0,,,,,,,,,,,,,,,,,,,
3588,2021-2022,KINGSLEY,Bologna,C,5.5,0.0,,,,,,,,,,,,,,,,,,,
3589,2021-2022,OLIVA,Cagliari,C,6.0,0.0,,,,,,,,,,,,,,,,,,,
3591,2021-2022,AKPRO,Lazio,C,5.33,0.0,,,,,,,,,,,,,,,,,,,
3592,2021-2022,DARBOE,Roma,C,6.0,0.0,,,,,,,,,,,,,,,,,,,
3594,2021-2022,SHER,Spezia,C,6.0,0.0,,,,,,,,,,,,,,,,,,,
3596,2021-2022,KONE,Torino,C,5.0,0.0,,,,,,,,,,,,,,,,,,,
3597,2021-2022,VOLPATO,Roma,C,7.0,0.0,,,,,,,,,,,,,,,,,,,
3598,2021-2022,PRASZELIK,Verona,C,6.0,0.0,,,,,,,,,,,,,,,,,,,
3600,2021-2022,RONALDO,Juventus,A,6.0,0.0,,,,,,,,,,,,,,,,,,,
3607,2021-2022,CAPRARI,Verona,A,6.54,0.0,,,,,,,,,,,,,,,,,,,
3612,2021-2022,SIMEONE,Verona,A,6.17,0.0,,,,,,,,,,,,,,,,,,,
3634,2021-2022,CABRAL,Fiorentina,A,6.0,0.0,,,,,,,,,,,,,,,,,,,
3642,2021-2022,DJURIC,Salernitana,A,6.05,0.0,,,,,,,,,,,,,,,,,,,
3645,2021-2022,KALINIC,Verona,A,6.08,0.0,,,,,,,,,,,,,,,,,,,
3651,2021-2022,LAMMERS,Atalanta,A,6.0,0.0,,,,,,,,,,,,,,,,,,,
3656,2021-2022,OKAKA,Udinese,A,6.5,0.0,,,,,,,,,,,,,,,,,,,
3657,2021-2022,LASAGNA,Verona,A,5.92,0.0,,,,,,,,,,,,,,,,,,,
3665,2021-2022,KEITA,Cagliari,A,5.8,0.0,,,,,,,,,,,,,,,,,,,
3671,2021-2022,SIMY,Salernitana,A,5.68,0.0,,,,,,,,,,,,,,,,,,,
3672,2021-2022,CAICEDO,Inter,A,6.17,0.0,,,,,,,,,,,,,,,,,,,
3676,2021-2022,SUPRYAGA,Sampdoria,A,5.5,0.0,,,,,,,,,,,,,,,,,,,
3679,2021-2022,FORESTIERI,Udinese,A,6.83,0.0,,,,,,,,,,,,,,,,,,,
3681,2021-2022,JOVANE,Lazio,A,5.83,0.0,,,,,,,,,,,,,,,,,,,
3687,2021-2022,GIOVINCO,Sampdoria,A,6.0,0.0,,,,,,,,,,,,,,,,,,,
3690,2021-2022,MARIANO,Venezia,A,5.5,0.0,,,,,,,,,,,,,,,,,,,
3691,2021-2022,CANCELLIERI,Verona,A,6.1,0.0,,,,,,,,,,,,,,,,,,,
3699,2021-2022,FAVILLI,Genoa,A,5.5,0.0,,,,,,,,,,,,,,,,,,,
3700,2021-2022,FARIAS,Cagliari,A,5.83,0.0,,,,,,,,,,,,,,,,,,,
3701,2021-2022,CARMINE,Verona,A,5.5,0.0,,,,,,,,,,,,,,,,,,,
3706,2021-2022,MRAZ,Spezia,A,5.75,0.0,,,,,,,,,,,,,,,,,,,
3707,2021-2022,AKE,Juventus,A,6.0,0.0,,,,,,,,,,,,,,,,,,,
3710,2021-2022,SATRIANO,Inter,A,6.0,0.0,,,,,,,,,,,,,,,,,,,
3711,2021-2022,WARMING,Torino,A,6.0,0.0,,,,,,,,,,,,,,,,,,,
3712,2021-2022,GALAZZI,Venezia,A,6.0,0.0,,,,,,,,,,,,,,,,,,,
3717,2021-2022,CISSE,Atalanta,A,7.0,0.0,,,,,,,,,,,,,,,,,,,
3724,2021-2022,HOOIJDONK,Bologna,A,6.0,0.0,,,,,,,,,,,,,,,,,,,
3725,2021-2022,BUKSA,Genoa,A,5.0,0.0,,,,,,,,,,,,,,,,,,,
3743,2022-2023,MONTIPO,Verona,P,6.19,0.0,,,,,,,,,,,,,,,,,,,
3752,2022-2023,GOLLINI,Napoli,P,6.07,0.0,,,,,,,,,,,,,,,,,,,
3755,2022-2023,CORDAZ,Inter,P,7.0,0.0,,,,,,,,,,,,,,,,,,,
3757,2022-2023,SVILAR,Roma,P,6.0,0.0,,,,,,,,,,,,,,,,,,,
3759,2022-2023,SARR,Cremonese,P,6.25,0.0,,,,,,,,,,,,,,,,,,,
3760,2022-2023,PEGOLO,Sassuolo,P,6.25,0.0,,,,,,,,,,,,,,,,,,,
3762,2022-2023,TURK,Sampdoria,P,6.38,0.0,,,,,,,,,,,,,,,,,,,
3763,2022-2023,UJKANI,Empoli,P,5.5,0.0,,,,,,,,,,,,,,,,,,,
3764,2022-2023,MARCHETTI,Spezia,P,5.5,0.0,,,,,,,,,,,,,,,,,,,
3765,2022-2023,PERILLI,Verona,P,6.5,0.0,,,,,,,,,,,,,,,,,,,
3766,2022-2023,BARDI,Bologna,P,6.0,0.0,,,,,,,,,,,,,,,,,,,
3767,2022-2023,FIORILLO,Salernitana,P,6.0,0.0,,,,,,,,,,,,,,,,,,,
3768,2022-2023,CRAGNO,Monza,P,5.0,0.0,,,,,,,,,,,,,,,,,,,
3769,2022-2023,SIRIGU,Fiorentina,P,6.5,0.0,,,,,,,,,,,,,,,,,,,
3770,2022-2023,RUSSO,Sassuolo,P,5.0,0.0,,,,,,,,,,,,,,,,,,,
3771,2022-2023,ZOVKO,Spezia,P,5.5,0.0,,,,,,,,,,,,,,,,,,,
3772,2022-2023,MAXIMIANO,Lazio,P,4.0,0.0,,,,,,,,,,,,,,,,,,,
3773,2022-2023,AUGUSTO,Monza,D,6.16,0.0,,,,,,,,,,,,,,,,,,,
3780,2022-2023,KIM,Napoli,D,6.27,0.0,,,,,,,,,,,,,,,,,,,
3789,2022-2023,DOIG,Verona,D,6.07,0.0,,,,,,,,,,,,,,,,,,,
3805,2022-2023,DEPAOLI,Verona,D,5.95,0.0,,,,,,,,,,,,,,,,,,,
3817,2022-2023,FARAONI,Verona,D,5.95,0.0,,,,,,,,,,,,,,,,,,,
3848,2022-2023,HIEN,Verona,D,5.94,0.0,,,,,,,,,,,,,,,,,,,
3867,2022-2023,CECCHERINI,Verona,D,5.88,0.0,,,,,,,,,,,,,,,,,,,
3895,2022-2023,MAGNANI,Verona,D,5.81,1.0,,,,,,,,,,,,,,,,,,,
3898,2022-2023,DAWIDOWICZ,Verona,D,5.8,0.0,,,,,,,,,,,,,,,,,,,
3904,2022-2023,AIWU,Cremonese,D,5.61,0.0,,,,,,,,,,,,,,,,,,,
3912,2022-2023,BERESZYNSKI,Napoli,D,5.71,0.0,,,,,,,,,,,,,,,,,,,
3925,2022-2023,CECCARONI,Lecce,D,6.0,0.0,,,,,,,,,,,,,,,,,,,
3926,2022-2023,COPPOLA,Verona,D,5.81,0.0,,,,,,,,,,,,,,,,,,,
3929,2022-2023,ABANKWAH,Udinese,D,6.5,0.0,,,,,,,,,,,,,,,,,,,
3930,2022-2023,GUESSAND,Udinese,D,6.5,0.0,,,,,,,,,,,,,,,,,,,
3931,2022-2023,CABAL,Verona,D,5.89,0.0,,,,,,,,,,,,,,,,,,,
3934,2022-2023,DERMAKU,Lecce,D,5.5,0.0,,,,,,,,,,,,,,,,,,,
3935,2022-2023,TONELLI,Empoli,D,5.5,0.0,,,,,,,,,,,,,,,,,,,
3941,2022-2023,ROMAGNA,Sassuolo,D,5.5,0.0,,,,,,,,,,,,,,,,,,,
3943,2022-2023,RETSOS,Verona,D,5.5,0.0,,,,,,,,,,,,,,,,,,,
3954,2022-2023,GILA,Lazio,D,5.5,0.0,,,,,,,,,,,,,,,,,,,
3955,2022-2023,BAYEYE,Torino,D,5.5,0.0,,,,,,,,,,,,,,,,,,,
3956,2022-2023,BARBIERI,Juventus,D,6.0,0.0,,,,,,,,,,,,,,,,,,,
3958,2022-2023,HENDRY,Cremonese,D,5.83,0.0,,,,,,,,,,,,,,,,,,,
3959,2022-2023,CONTI,Sampdoria,D,6.0,0.0,,,,,,,,,,,,,,,,,,,
3961,2022-2023,MARRONE,Monza,D,5.75,0.0,,,,,,,,,,,,,,,,,,,
3966,2022-2023,CETIN,Lecce,D,5.0,0.0,,,,,,,,,,,,,,,,,,,
3968,2022-2023,CARBONI,Monza,D,5.33,0.0,,,,,,,,,,,,,,,,,,,
3969,2022-2023,CARBONI,Monza,D,6.25,0.0,,,,,,,,,,,,,,,,,,,
3970,2022-2023,VINA,Roma,D,5.5,0.0,,,,,,,,,,,,,,,,,,,
3973,2022-2023,ZANOTTI,Inter,D,6.0,0.0,,,,,,,,,,,,,,,,,,,
3976,2022-2023,MOUTINHO,Spezia,D,5.75,0.0,,,,,,,,,,,,,,,,,,,
3997,2022-2023,LAZOVIC,Verona,C,6.25,0.0,,,,,,,,,,,,,,,,,,,
4009,2022-2023,VERDI,Verona,C,6.07,0.0,,,,,,,,,,,,,,,,,,,
4041,2022-2023,ZAKARIA,Juventus,C,5.75,0.0,,,,,,,,,,,,,,,,,,,
4052,2022-2023,JUNIOR,Juventus,C,6.19,0.0,,,,,,,,,,,,,,,,,,,
4066,2022-2023,AKPRO,Empoli,C,6.04,0.0,,,,,,,,,,,,,,,,,,,
4079,2022-2023,GALDAMES,Cremonese,C,5.88,0.0,,,,,,,,,,,,,,,,,,,
4089,2022-2023,DUDA,Verona,C,5.82,0.0,,,,,,,,,,,,,,,,,,,
4093,2022-2023,TAMEZE,Verona,C,5.81,0.0,,,,,,,,,,,,,,,,,,,
4097,2022-2023,TERRACCIANO,Verona,C,6.08,0.0,,,,,,,,,,,,,,,,,,,
4101,2022-2023,MACHIN,Monza,C,5.9,0.0,,,,,,,,,,,,,,,,,,,
4112,2022-2023,DJURICIC,Sampdoria,C,5.58,0.0,,,,,,,,,,,,,,,,,,,
4122,2022-2023,VELOSO,Verona,C,5.93,1.0,,,,,,,,,,,,,,,,,,,
4130,2022-2023,SULEMANA,Verona,C,5.92,0.0,,,,,,,,,,,,,,,,,,,
4132,2022-2023,ABILDGAARD,Verona,C,5.61,0.0,,,,,,,,,,,,,,,,,,,
4133,2022-2023,JAJALO,Udinese,C,6.0,0.0,,,,,,,,,,,,,,,,,,,
4136,2022-2023,BAKAYOKO,Milan,C,5.5,0.0,,,,,,,,,,,,,,,,,,,
4146,2022-2023,BAEZ,Cremonese,C,5.75,0.0,,,,,,,,,,,,,,,,,,,
4149,2022-2023,VIEIRA,Torino,C,5.63,0.0,,,,,,,,,,,,,,,,,,,
4151,2022-2023,HONGLA,Verona,C,5.69,0.0,,,,,,,,,,,,,,,,,,,
4157,2022-2023,MILANESE,Cremonese,C,5.5,0.0,,,,,,,,,,,,,,,,,,,
4161,2022-2023,HRUSTIC,Verona,C,5.4,0.0,,,,,,,,,,,,,,,,,,,
4162,2022-2023,BONDO,Monza,C,5.75,0.0,,,,,,,,,,,,,,,,,,,
4163,2022-2023,ACELLA,Cremonese,C,6.0,0.0,,,,,,,,,,,,,,,,,,,
4166,2022-2023,GINEITIS,Torino,C,6.0,0.0,,,,,,,,,,,,,,,,,,,
4167,2022-2023,BARRENECHEA,Juventus,C,5.5,0.0,,,,,,,,,,,,,,,,,,,
4182,2022-2023,CABRAL,Fiorentina,A,6.21,0.0,,,,,,,,,,,,,,,,,,,
4234,2022-2023,DJURIC,Verona,A,5.98,0.0,,,,,,,,,,,,,,,,,,,
4239,2022-2023,GAICH,Verona,A,5.89,1.0,,,,,,,,,,,,,,,,,,,
4242,2022-2023,NGONGE,Verona,A,6.04,0.0,,,,,,,,,,,,,,,,,,,
4247,2022-2023,KALLON,Verona,A,5.84,0.0,,,,,,,,,,,,,,,,,,,
4248,2022-2023,ALVAREZ,Sassuolo,A,5.95,0.0,,,,,,,,,,,,,,,,,,,
4249,2022-2023,LASAGNA,Verona,A,5.77,0.0,,,,,,,,,,,,,,,,,,,
4251,2022-2023,HENRY,Verona,A,5.9,0.0,,,,,,,,,,,,,,,,,,,
4254,2022-2023,RIBERY,Salernitana,A,6.0,0.0,,,,,,,,,,,,,,,,,,,
4255,2022-2023,IBRAHIMOVIC,Milan,A,5.75,0.0,,,,,,,,,,,,,,,,,,,
4256,2022-2023,ANTISTE,Sassuolo,A,6.0,0.0,,,,,,,,,,,,,,,,,,,
4261,2022-2023,CARMINE,Cremonese,A,6.0,0.0,,,,,,,,,,,,,,,,,,,
4264,2022-2023,BRAAF,Verona,A,5.58,0.0,,,,,,,,,,,,,,,,,,,
4265,2022-2023,KRISTOFFERSEN,Salernitana,A,5.5,0.0,,,,,,,,,,,,,,,,,,,
4267,2022-2023,LUCA,Sampdoria,A,5.5,0.0,,,,,,,,,,,,,,,,,,,
4269,2022-2023,RODRIGUEZ,Lecce,A,6.0,0.0,,,,,,,,,,,,,,,,,,,
4270,2022-2023,SANCA,Spezia,A,6.0,0.0,,,,,,,,,,,,,,,,,,,
4272,2022-2023,VIVALDO,Udinese,A,6.0,0.0,,,,,,,,,,,,,,,,,,,
4273,2022-2023,VORLICKY,Atalanta,A,6.0,0.0,,,,,,,,,,,,,,,,,,,
4274,2015-2016,KADHIM,Udinese,,,,"MF,DF",it Serie A,21.0,28.0,21.0,1904.0,21.2,1.0,1.0,0.0,0.0,6.0,0.0,0.0,0.0,0.0,0.0,0.0,0.0
4275,2015-2016,AGYEMANG-BADU,Udinese,,,,MF,it Serie A,24.0,33.0,30.0,2661.0,29.6,4.0,1.0,0.0,0.0,6.0,0.0,0.0,0.0,0.0,0.0,0.0,0.0
4276,2015-2016,ALBERTAZZI,Hellas Verona,,,,DF,it Serie A,24.0,10.0,9.0,702.0,7.8,0.0,0.0,0.0,0.0,4.0,0.0,0.0,0.0,0.0,0.0,0.0,0.0
4277,2015-2016,ALVAREZ,Sampdoria,,,,"MF,FW",it Serie A,27.0,13.0,9.0,806.0,9.0,1.0,1.0,0.0,0.0,2.0,0.0,0.0,0.0,0.0,0.0,0.0,0.0
4278,2015-2016,BALDE,Lazio,,,,FW,it Serie A,20.0,31.0,15.0,1777.0,19.7,4.0,2.0,0.0,0.0,5.0,0.0,0.0,0.0,0.0,0.0,0.0,0.0
4279,2015-2016,BIANCHETTI,Hellas Verona,,,,DF,it Serie A,22.0,23.0,17.0,1587.0,17.6,1.0,0.0,0.0,0.0,4.0,0.0,0.0,0.0,0.0,0.0,0.0,0.0
4280,2015-2016,BORRIELLO,Carpi,,,,FW,it Serie A,33.0,12.0,8.0,744.0,8.3,4.0,4.0,0.0,0.0,1.0,1.0,0.0,0.0,0.0,0.0,0.0,0.0
4281,2015-2016,CERCI,Milan,,,,"FW,MF",it Serie A,28.0,13.0,8.0,757.0,8.4,0.0,0.0,0.0,0.0,0.0,0.0,0.0,0.0,0.0,0.0,0.0,0.0
4282,2015-2016,CIOFANI,Frosinone,,,,FW,it Serie A,30.0,37.0,33.0,2908.0,32.3,9.0,1.0,2.0,2.0,1.0,0.0,0.0,0.0,0.0,0.0,0.0,0.0
4283,2015-2016,CIOFANI,Frosinone,,,,DF,it Serie A,27.0,17.0,14.0,1282.0,14.2,0.0,1.0,0.0,0.0,1.0,0.0,0.0,0.0,0.0,0.0,0.0,0.0
4284,2015-2016,COSTA,Chievo,,,,"DF,MF",it Serie A,20.0,6.0,0.0,134.0,1.5,0.0,0.0,0.0,0.0,0.0,0.0,0.0,0.0,0.0,0.0,0.0,0.0
4285,2015-2016,JUNIOR,Bologna,,,,GK,it Serie A,31.0,5.0,5.0,450.0,5.0,0.0,0.0,0.0,0.0,1.0,0.0,0.0,0.0,0.0,0.0,0.0,0.0
4286,2015-2016,COSTA,Genoa,,,,MF,it Serie A,30.0,12.0,12.0,925.0,10.3,0.0,0.0,0.0,0.0,4.0,0.0,0.0,0.0,0.0,0.0,0.0,0.0
4287,2015-2016,BELO,Udinese,,,,DF,it Serie A,31.0,26.0,26.0,2139.0,23.8,1.0,1.0,0.0,0.0,11.0,1.0,0.0,0.0,0.0,0.0,0.0,0.0
4288,2015-2016,DAPRELA,Palermo,,,,MF,it Serie A,24.0,5.0,1.0,154.0,1.7,0.0,0.0,0.0,0.0,1.0,0.0,0.0,0.0,0.0,0.0,0.0,0.0
4289,2015-2016,DIAKITE,Frosinone,,,,DF,it Serie A,28.0,18.0,18.0,1620.0,18.0,1.0,0.0,0.0,0.0,3.0,0.0,0.0,0.0,0.0,0.0,0.0,0.0
4290,2015-2016,EDER,Sampdoria,,,,FW,it Serie A,28.0,19.0,19.0,1639.0,18.2,12.0,2.0,3.0,3.0,2.0,0.0,0.0,0.0,0.0,0.0,0.0,0.0
4291,2015-2016,EMANUELSON,Hellas Verona,,,,"MF,DF",it Serie A,29.0,11.0,6.0,623.0,6.9,0.0,1.0,0.0,0.0,0.0,0.0,0.0,0.0,0.0,0.0,0.0,0.0
4292,2015-2016,FARES,Hellas Verona,,,,"DF,MF",it Serie A,19.0,11.0,7.0,545.0,6.1,0.0,1.0,0.0,0.0,2.0,0.0,0.0,0.0,0.0,0.0,0.0,0.0
4293,2015-2016,FERNANDEZ,Fiorentina,,,,MF,it Serie A,29.0,22.0,11.0,1079.0,12.0,1.0,3.0,0.0,0.0,4.0,1.0,0.0,0.0,0.0,0.0,0.0,0.0
4294,2015-2016,FERNANDO,Sampdoria,,,,MF,it Serie A,23.0,35.0,34.0,2981.0,33.1,4.0,2.0,0.0,0.0,14.0,0.0,0.0,0.0,0.0,0.0,0.0,0.0
4295,2015-2016,FLOCCARI,Sassuolo,,,,FW,it Serie A,33.0,7.0,5.0,436.0,4.8,4.0,0.0,0.0,0.0,1.0,0.0,0.0,0.0,0.0,0.0,0.0,0.0
4296,2015-2016,FLORES,Sassuolo,,,,FW,it Serie A,32.0,14.0,8.0,638.0,7.1,3.0,2.0,0.0,0.0,0.0,0.0,0.0,0.0,0.0,0.0,0.0,0.0
4297,2015-2016,GAKPE,Genoa,,,,FW,it Serie A,28.0,13.0,8.0,776.0,8.6,3.0,1.0,0.0,0.0,1.0,0.0,0.0,0.0,0.0,0.0,0.0,0.0
4298,2015-2016,GILBERTO,Hellas Verona,,,,"DF,MF",it Serie A,22.0,5.0,0.0,183.0,2.0,0.0,0.0,0.0,0.0,1.0,0.0,0.0,0.0,0.0,0.0,0.0,0.0
4299,2015-2016,GILBERTO,Fiorentina,,,,MF,it Serie A,22.0,5.0,3.0,282.0,3.1,0.0,0.0,0.0,0.0,1.0,0.0,0.0,0.0,0.0,0.0,0.0,0.0
4300,2015-2016,GOLLINI,Hellas Verona,,,,GK,it Serie A,20.0,26.0,25.0,2320.0,25.8,0.0,0.0,0.0,0.0,2.0,0.0,0.0,0.0,0.0,0.0,0.0,0.0
4301,2015-2016,GONZALEZ,Palermo,,,,DF,it Serie A,27.0,35.0,35.0,3137.0,34.9,2.0,0.0,0.0,0.0,11.0,0.0,0.0,0.0,0.0,0.0,0.0,0.0
4302,2015-2016,GRASSI,Atalanta,,,,MF,it Serie A,20.0,13.0,13.0,974.0,10.8,0.0,0.0,0.0,0.0,5.0,1.0,0.0,0.0,0.0,0.0,0.0,0.0
4303,2015-2016,GRECO,Hellas Verona,,,,MF,it Serie A,29.0,26.0,22.0,1892.0,21.0,1.0,0.0,0.0,0.0,7.0,0.0,0.0,0.0,0.0,0.0,0.0,0.0
4304,2015-2016,HALLFREDSSON,Hellas Verona,,,,MF,it Serie A,31.0,16.0,15.0,1209.0,13.4,0.0,1.0,0.0,0.0,8.0,0.0,0.0,0.0,0.0,0.0,0.0,0.0
4305,2015-2016,HELANDER,Hellas Verona,,,,DF,it Serie A,22.0,24.0,21.0,1867.0,20.7,2.0,0.0,0.0,0.0,4.0,0.0,0.0,0.0,0.0,0.0,0.0,0.0
4306,2015-2016,IONITA,Hellas Verona,,,,"MF,FW",it Serie A,24.0,31.0,27.0,2378.0,26.4,4.0,2.0,0.0,0.0,2.0,0.0,0.0,0.0,0.0,0.0,0.0,0.0
4307,2015-2016,JANKOVIC,Hellas Verona,,,,"FW,MF",it Serie A,31.0,15.0,11.0,894.0,9.9,1.0,0.0,0.0,0.0,4.0,1.0,0.0,0.0,0.0,0.0,0.0,0.0
4308,2015-2016,JUANITO,Hellas Verona,,,,FW,it Serie A,30.0,33.0,19.0,1842.0,20.5,1.0,0.0,0.0,0.0,3.0,0.0,0.0,0.0,0.0,0.0,0.0,0.0
4309,2015-2016,KEITA,Roma,,,,MF,it Serie A,35.0,20.0,16.0,1367.0,15.2,1.0,0.0,0.0,0.0,4.0,0.0,0.0,0.0,0.0,0.0,0.0,0.0
4310,2015-2016,KONE,Udinese,,,,MF,it Serie A,28.0,5.0,2.0,232.0,2.6,0.0,1.0,0.0,0.0,1.0,1.0,0.0,0.0,0.0,0.0,0.0,0.0
4311,2015-2016,LARANGEIRA,Udinese,,,,DF,it Serie A,31.0,34.0,34.0,2947.0,32.7,0.0,0.0,0.0,0.0,10.0,2.0,0.0,0.0,0.0,0.0,0.0,0.0
4312,2015-2016,MANCOSU,Bologna,,,,FW,it Serie A,30.0,9.0,3.0,329.0,3.7,1.0,0.0,0.0,0.0,0.0,0.0,0.0,0.0,0.0,0.0,0.0,0.0
4313,2015-2016,MARQUEZ,Hellas Verona,,,,DF,it Serie A,36.0,9.0,9.0,757.0,8.4,0.0,0.0,0.0,0.0,3.0,0.0,0.0,0.0,0.0,0.0,0.0,0.0
4314,2015-2016,MARRONE,Hellas Verona,,,,MF,it Serie A,25.0,12.0,10.0,872.0,9.7,0.0,3.0,0.0,0.0,3.0,0.0,0.0,0.0,0.0,0.0,0.0,0.0
4315,2015-2016,MARRONE,Carpi,,,,"MF,DF",it Serie A,25.0,9.0,9.0,723.0,8.0,1.0,0.0,0.0,0.0,4.0,0.0,0.0,0.0,0.0,0.0,0.0,0.0
4316,2015-2016,MATOS,Carpi,,,,"FW,MF",it Serie A,22.0,15.0,14.0,1197.0,13.3,2.0,0.0,0.0,0.0,1.0,0.0,0.0,0.0,0.0,0.0,0.0,0.0
4317,2015-2016,MATUZALEM,Hellas Verona,,,,MF,it Serie A,35.0,7.0,2.0,210.0,2.3,0.0,0.0,0.0,0.0,1.0,0.0,0.0,0.0,0.0,0.0,0.0,0.0
4318,2015-2016,MAURI,Milan,,,,MF,it Serie A,19.0,5.0,3.0,245.0,2.7,0.0,0.0,0.0,0.0,2.0,0.0,0.0,0.0,0.0,0.0,0.0,0.0
4319,2015-2016,MORAS,Hellas Verona,,,,DF,it Serie A,33.0,31.0,30.0,2750.0,30.6,1.0,1.0,0.0,0.0,5.0,1.0,0.0,0.0,0.0,0.0,0.0,0.0
4320,2015-2016,MUNOZ,Genoa,,,,DF,it Serie A,24.0,18.0,17.0,1404.0,15.6,0.0,0.0,0.0,0.0,7.0,0.0,0.0,0.0,0.0,0.0,0.0,0.0
4321,2015-2016,OLIVEIRA,Carpi,,,,MF,it Serie A,21.0,6.0,1.0,162.0,1.8,0.0,0.0,0.0,0.0,1.0,0.0,0.0,0.0,0.0,0.0,0.0,0.0
4322,2015-2016,PALMIERI,Roma,,,,DF,it Serie A,20.0,8.0,1.0,188.0,2.1,1.0,0.0,0.0,0.0,1.0,0.0,0.0,0.0,0.0,0.0,0.0,0.0
4323,2015-2016,PAZZINI,Hellas Verona,,,,FW,it Serie A,30.0,30.0,20.0,1915.0,21.3,6.0,1.0,3.0,4.0,5.0,0.0,0.0,0.0,0.0,0.0,0.0,0.0
4324,2015-2016,PEROTTI,Genoa,,,,FW,it Serie A,27.0,16.0,14.0,1082.0,12.0,1.0,2.0,1.0,1.0,1.0,2.0,0.0,0.0,0.0,0.0,0.0,0.0
4325,2015-2016,PISANO,Hellas Verona,,,,DF,it Serie A,28.0,34.0,33.0,2904.0,32.3,5.0,0.0,0.0,0.0,7.0,0.0,0.0,0.0,0.0,0.0,0.0,0.0
4326,2015-2016,POLI,Carpi,,,,"DF,MF",it Serie A,26.0,10.0,10.0,848.0,9.4,0.0,0.0,0.0,0.0,5.0,0.0,0.0,0.0,0.0,0.0,0.0,0.0
4327,2015-2016,QUAGLIARELLA,Torino,,,,FW,it Serie A,32.0,16.0,16.0,1349.0,15.0,5.0,0.0,1.0,1.0,0.0,0.0,0.0,0.0,0.0,0.0,0.0,0.0
4328,2015-2016,RAFAEL,Hellas Verona,,,,GK,it Serie A,33.0,12.0,12.0,1010.0,11.2,0.0,0.0,0.0,0.0,0.0,1.0,0.0,0.0,0.0,0.0,0.0,0.0
4329,2015-2016,RANOCCHIA,Inter,,,,DF,it Serie A,27.0,10.0,1.0,218.0,2.4,0.0,0.0,0.0,0.0,0.0,0.0,0.0,0.0,0.0,0.0,0.0,0.0
4330,2015-2016,REBIC,Hellas Verona,,,,"MF,FW",it Serie A,21.0,10.0,6.0,571.0,6.3,0.0,0.0,0.0,0.0,1.0,1.0,0.0,0.0,0.0,0.0,0.0,0.0
4331,2015-2016,REGINI,Sampdoria,,,,DF,it Serie A,24.0,14.0,14.0,1205.0,13.4,0.0,0.0,0.0,0.0,2.0,0.0,0.0,0.0,0.0,0.0,0.0,0.0
4332,2015-2016,RIGONI,Genoa,,,,MF,it Serie A,30.0,18.0,14.0,1197.0,13.3,3.0,2.0,0.0,0.0,4.0,0.0,0.0,0.0,0.0,0.0,0.0,0.0
4333,2015-2016,RIGONI,Palermo,,,,MF,it Serie A,30.0,10.0,8.0,695.0,7.7,1.0,0.0,0.0,0.0,1.0,1.0,0.0,0.0,0.0,0.0,0.0,0.0
4334,2015-2016,RIGONI,Chievo,,,,MF,it Serie A,24.0,28.0,22.0,1986.0,22.1,3.0,1.0,0.0,0.0,7.0,0.0,0.0,0.0,0.0,0.0,0.0,0.0
4335,2015-2016,RODRIGUEZ,Sampdoria,,,,FW,it Serie A,24.0,6.0,0.0,45.0,0.5,0.0,0.0,0.0,0.0,0.0,0.0,0.0,0.0,0.0,0.0,0.0,0.0
4336,2015-2016,RODRIGUEZ,Fiorentina,,,,DF,it Serie A,31.0,35.0,35.0,3140.0,34.9,4.0,0.0,0.0,0.0,7.0,0.0,0.0,0.0,0.0,0.0,0.0,0.0
4337,2015-2016,ROMULO,Hellas Verona,,,,"DF,MF",it Serie A,28.0,9.0,0.0,266.0,3.0,0.0,1.0,0.0,0.0,0.0,0.0,0.0,0.0,0.0,0.0,0.0,0.0
4338,2015-2016,SALA,Hellas Verona,,,,"MF,DF",it Serie A,23.0,18.0,17.0,1477.0,16.4,0.0,1.0,0.0,0.0,6.0,0.0,0.0,0.0,0.0,0.0,0.0,0.0
4339,2015-2016,SILIGARDI,Hellas Verona,,,,"MF,FW",it Serie A,27.0,28.0,17.0,1407.0,15.6,2.0,0.0,0.0,0.0,1.0,0.0,0.0,0.0,0.0,0.0,0.0,0.0
4340,2015-2016,SILVA,Carpi,,,,"MF,DF",it Serie A,24.0,16.0,14.0,1282.0,14.2,0.0,2.0,0.0,0.0,4.0,0.0,0.0,0.0,0.0,0.0,0.0,0.0
4341,2015-2016,SISENANDO,Roma,,,,DF,it Serie A,34.0,15.0,12.0,1007.0,11.2,1.0,2.0,0.0,0.0,2.0,1.0,0.0,0.0,0.0,0.0,0.0,0.0
4342,2015-2016,SORIANO,Sampdoria,,,,MF,it Serie A,24.0,37.0,33.0,2816.0,31.3,8.0,4.0,0.0,0.0,7.0,0.0,0.0,0.0,0.0,0.0,0.0,0.0
4343,2015-2016,SOUPRAYEN,Hellas Verona,,,,DF,it Serie A,26.0,20.0,18.0,1584.0,17.6,0.0,0.0,0.0,0.0,5.0,1.0,0.0,0.0,0.0,0.0,0.0,0.0
4344,2015-2016,SUAREZ,Fiorentina,,,,MF,it Serie A,28.0,9.0,5.0,456.0,5.1,1.0,0.0,0.0,0.0,3.0,0.0,0.0,0.0,0.0,0.0,0.0,0.0
4345,2015-2016,TONI,Hellas Verona,,,,FW,it Serie A,38.0,23.0,20.0,1775.0,19.7,6.0,0.0,3.0,3.0,3.0,0.0,0.0,0.0,0.0,0.0,0.0,0.0
4346,2015-2016,VIVIANI,Hellas Verona,,,,MF,it Serie A,23.0,19.0,17.0,1592.0,17.7,3.0,6.0,0.0,0.0,5.0,1.0,0.0,0.0,0.0,0.0,0.0,0.0
4347,2015-2016,WSZOLEK,Hellas Verona,,,,MF,it Serie A,23.0,26.0,23.0,1800.0,20.0,0.0,5.0,0.0,0.0,4.0,1.0,0.0,0.0,0.0,0.0,0.0,0.0
4348,2015-2016,ZUKANOVIC,Sampdoria,,,,DF,it Serie A,28.0,16.0,14.0,1331.0,14.8,3.0,0.0,0.0,0.0,5.0,1.0,0.0,0.0,0.0,0.0,0.0,0.0
4349,2015-2016,DORDEVIC,Lazio,,,,FW,it Serie A,27.0,27.0,16.0,1292.0,14.4,3.0,2.0,0.0,0.0,1.0,1.0,0.0,0.0,0.0,0.0,0.0,0.0
4350,2015-2016,DURDEVIC,Palermo,,,,FW,it Serie A,21.0,14.0,5.0,477.0,5.3,2.0,1.0,0.0,0.0,2.0,0.0,0.0,0.0,0.0,0.0,0.0,0.0
4351,2016-2017,KADHIM,Udinese,,,,"DF,MF",it Serie A,22.0,14.0,8.0,872.0,9.7,0.0,0.0,0.0,0.0,2.0,0.0,0.0,0.0,0.0,0.0,0.0,0.0
4352,2016-2017,AGYEMANG-BADU,Udinese,,,,MF,it Serie A,25.0,29.0,20.0,2033.0,22.6,0.0,3.0,0.0,0.0,2.0,0.0,0.0,0.0,0.0,0.0,0.0,0.0
4353,2016-2017,ALVAREZ,Sampdoria,,,,MF,it Serie A,28.0,21.0,11.0,987.0,11.0,2.0,2.0,0.0,0.0,3.0,1.0,0.0,0.0,0.0,0.0,0.0,0.0
4354,2016-2017,AQUILANI,Pescara,,,,"MF,FW",it Serie A,32.0,9.0,6.0,551.0,6.1,1.0,1.0,0.0,0.0,2.0,2.0,0.0,0.0,0.0,0.0,0.0,0.0
4355,2016-2017,BALDE,Lazio,,,,FW,it Serie A,21.0,31.0,21.0,1926.0,21.4,16.0,4.0,2.0,2.0,5.0,2.0,0.0,0.0,0.0,0.0,0.0,0.0
4356,2016-2017,CATALDI,Lazio,,,,MF,it Serie A,21.0,11.0,5.0,662.0,7.4,1.0,1.0,0.0,0.0,3.0,1.0,0.0,0.0,0.0,0.0,0.0,0.0
4357,2016-2017,JUNIOR,Bologna,,,,GK,it Serie A,32.0,18.0,17.0,1541.0,17.1,0.0,0.0,0.0,0.0,1.0,0.0,0.0,0.0,0.0,0.0,0.0,0.0
4358,2016-2017,CRISTANTE,Pescara,,,,MF,it Serie A,21.0,16.0,10.0,979.0,10.9,0.0,0.0,0.0,0.0,1.0,0.0,0.0,0.0,0.0,0.0,0.0,0.0
4359,2016-2017,BELO,Udinese,,,,DF,it Serie A,32.0,32.0,31.0,2813.0,31.3,1.0,0.0,0.0,0.0,9.0,0.0,0.0,0.0,0.0,0.0,0.0,0.0
4360,2016-2017,GENNARO,Cagliari,,,,"MF,FW",it Serie A,28.0,20.0,17.0,1434.0,15.9,2.0,5.0,0.0,0.0,5.0,2.0,0.0,0.0,0.0,0.0,0.0,0.0
4361,2016-2017,FERNANDEZ,Milan,,,,MF,it Serie A,30.0,13.0,8.0,652.0,7.2,1.0,2.0,0.0,0.0,1.0,0.0,0.0,0.0,0.0,0.0,0.0,0.0
4362,2016-2017,GAGLIARDINI,Atalanta,,,,MF,it Serie A,22.0,13.0,8.0,777.0,8.6,0.0,1.0,0.0,0.0,5.0,0.0,0.0,0.0,0.0,0.0,0.0,0.0
4363,2016-2017,GAKPE,Genoa,,,,FW,it Serie A,29.0,7.0,2.0,311.0,3.5,1.0,0.0,0.0,0.0,1.0,0.0,0.0,0.0,0.0,0.0,0.0,0.0
4364,2016-2017,GILARDINO,Empoli,,,,FW,it Serie A,34.0,14.0,5.0,600.0,6.7,0.0,0.0,0.0,0.0,2.0,0.0,0.0,0.0,0.0,0.0,0.0,0.0
4365,2016-2017,GOMEZ,Milan,,,,DF,it Serie A,23.0,18.0,11.0,1087.0,12.1,0.0,0.0,0.0,0.0,4.0,0.0,0.0,0.0,0.0,0.0,0.0,0.0
4366,2016-2017,GONZALEZ,Palermo,,,,DF,it Serie A,28.0,21.0,18.0,1662.0,18.5,1.0,1.0,0.0,0.0,8.0,3.0,0.0,0.0,0.0,0.0,0.0,0.0
4367,2016-2017,HILJEMARK,Palermo,,,,MF,it Serie A,24.0,15.0,12.0,1065.0,11.8,0.0,0.0,0.0,0.0,1.0,0.0,0.0,0.0,0.0,0.0,0.0,0.0
4368,2016-2017,ITURBE,Roma,,,,"FW,MF",it Serie A,23.0,5.0,0.0,43.0,0.5,0.0,0.0,0.0,0.0,0.0,0.0,0.0,0.0,0.0,0.0,0.0,0.0
4369,2016-2017,KADDOURI,Napoli,,,,MF,it Serie A,25.0,5.0,0.0,45.0,0.5,0.0,0.0,0.0,0.0,0.0,0.0,0.0,0.0,0.0,0.0,0.0,0.0
4370,2016-2017,KIYINE,Chievo,,,,MF,it Serie A,18.0,7.0,0.0,73.0,0.8,0.0,0.0,0.0,0.0,1.0,0.0,0.0,0.0,0.0,0.0,0.0,0.0
4371,2016-2017,KWANG-SONG,Cagliari,,,,FW,it Serie A,17.0,5.0,0.0,64.0,0.7,1.0,0.0,0.0,0.0,0.0,0.0,0.0,0.0,0.0,0.0,0.0,0.0
4372,2016-2017,LARANGEIRA,Udinese,,,,DF,it Serie A,32.0,36.0,36.0,3203.0,35.6,2.0,1.0,0.0,0.0,9.0,1.0,0.0,0.0,0.0,0.0,0.0,0.0
4373,2016-2017,MAURI,Empoli,,,,MF,it Serie A,20.0,14.0,10.0,869.0,9.7,0.0,0.0,0.0,0.0,4.0,0.0,0.0,0.0,0.0,0.0,0.0,0.0
4374,2016-2017,MOUNIER,Bologna,,,,FW,it Serie A,28.0,6.0,4.0,292.0,3.2,0.0,0.0,0.0,0.0,0.0,0.0,0.0,0.0,0.0,0.0,0.0,0.0
4375,2016-2017,MUNOZ,Genoa,,,,DF,it Serie A,25.0,31.0,25.0,2347.0,26.1,0.0,0.0,0.0,0.0,3.0,0.0,0.0,0.0,0.0,0.0,0.0,0.0
4376,2016-2017,NWANKWO,Crotone,,,,FW,it Serie A,24.0,21.0,4.0,579.0,6.4,3.0,0.0,0.0,0.0,0.0,0.0,0.0,0.0,0.0,0.0,0.0,0.0
4377,2016-2017,OCAMPOS,Genoa,,,,FW,it Serie A,22.0,14.0,12.0,839.0,9.3,3.0,1.0,1.0,1.0,2.0,0.0,0.0,0.0,0.0,0.0,0.0,0.0
4378,2016-2017,ORBAN,Genoa,,,,DF,it Serie A,27.0,11.0,8.0,774.0,8.6,0.0,0.0,0.0,0.0,4.0,1.0,0.0,0.0,0.0,0.0,0.0,0.0
4379,2016-2017,PALLADINO,Crotone,,,,"FW,MF",it Serie A,32.0,19.0,16.0,1430.0,15.9,2.0,0.0,1.0,2.0,5.0,0.0,0.0,0.0,0.0,0.0,0.0,0.0
4380,2016-2017,PALMIERI,Roma,,,,"DF,MF",it Serie A,21.0,25.0,23.0,1965.0,21.8,0.0,1.0,0.0,0.0,1.0,0.0,0.0,0.0,0.0,0.0,0.0,0.0
4381,2016-2017,PAVOLETTI,Genoa,,,,FW,it Serie A,27.0,9.0,7.0,581.0,6.5,3.0,0.0,0.0,0.0,2.0,0.0,0.0,0.0,0.0,0.0,0.0,0.0
4382,2016-2017,RIGONI,Genoa,,,,"MF,FW",it Serie A,31.0,31.0,29.0,2350.0,26.1,3.0,1.0,0.0,0.0,13.0,0.0,0.0,0.0,0.0,0.0,0.0,0.0
4383,2016-2017,RIGONI,Chievo,,,,MF,it Serie A,25.0,12.0,5.0,505.0,5.6,1.0,0.0,0.0,0.0,2.0,0.0,0.0,0.0,0.0,0.0,0.0,0.0
4384,2016-2017,RINCON,Genoa,,,,MF,it Serie A,28.0,16.0,16.0,1390.0,15.4,0.0,2.0,0.0,0.0,4.0,0.0,0.0,0.0,0.0,0.0,0.0,0.0
4385,2016-2017,RODRIGUEZ,Fiorentina,,,,DF,it Serie A,32.0,26.0,26.0,2205.0,24.5,1.0,0.0,0.0,0.0,7.0,3.0,0.0,0.0,0.0,0.0,0.0,0.0
4386,2016-2017,SANCHEZ,Fiorentina,,,,"DF,MF",it Serie A,30.0,31.0,23.0,2156.0,24.0,1.0,1.0,0.0,0.0,6.0,0.0,0.0,0.0,0.0,0.0,0.0,0.0
4387,2016-2017,SANTOS,Udinese,,,,DF,it Serie A,21.0,21.0,21.0,1779.0,19.8,0.0,3.0,0.0,0.0,3.0,0.0,0.0,0.0,0.0,0.0,0.0,0.0
4388,2016-2017,SAPONARA,Empoli,,,,MF,it Serie A,24.0,18.0,18.0,1528.0,17.0,2.0,1.0,0.0,0.0,4.0,0.0,0.0,0.0,0.0,0.0,0.0,0.0
4389,2016-2017,SPORTIELLO,Atalanta,,,,GK,it Serie A,24.0,8.0,8.0,720.0,8.0,0.0,0.0,0.0,0.0,1.0,0.0,0.0,0.0,0.0,0.0,0.0,0.0
4390,2016-2017,STORARI,Cagliari,,,,GK,it Serie A,39.0,15.0,15.0,1256.0,14.0,0.0,0.0,0.0,0.0,1.0,1.0,0.0,0.0,0.0,0.0,0.0,0.0
4391,2016-2017,DORDEVIC,Lazio,,,,FW,it Serie A,28.0,17.0,4.0,464.0,5.2,0.0,0.0,0.0,0.0,0.0,0.0,0.0,0.0,0.0,0.0,0.0,0.0
4392,2016-2017,DURICIC,Sampdoria,,,,MF,it Serie A,24.0,19.0,3.0,513.0,5.7,0.0,1.0,0.0,0.0,4.0,0.0,0.0,0.0,0.0,0.0,0.0,0.0
4393,2017-2018,AARONS,Hellas Verona,,,,"MF,FW",it Serie A,21.0,11.0,6.0,517.0,5.7,0.0,0.0,0.0,0.0,0.0,0.0,0.2,0.2,0.2,9.0,17.0,31.0
4394,2017-2018,KADHIM,Udinese,,,,"DF,FW",it Serie A,23.0,23.0,18.0,1674.0,18.6,0.0,1.0,0.0,0.0,4.0,0.0,0.5,0.5,1.7,25.0,58.0,56.0
4395,2017-2018,ALVAREZ,Sampdoria,,,,MF,it Serie A,29.0,12.0,2.0,267.0,3.0,1.0,1.0,0.0,0.0,0.0,0.0,0.4,0.4,0.5,7.0,13.0,30.0
4396,2017-2018,ANDRADE,Hellas Verona,,,,GK,it Serie A,29.0,36.0,36.0,3240.0,36.0,0.0,0.0,0.0,0.0,2.0,1.0,0.0,0.0,0.1,0.0,1.0,0.0
4397,2017-2018,BABACAR,Fiorentina,,,,FW,it Serie A,24.0,16.0,1.0,448.0,5.0,4.0,1.0,2.0,2.0,1.0,0.0,3.9,2.4,1.1,10.0,12.0,38.0
4398,2017-2018,BEARZOTTI,Hellas Verona,,,,"DF,FW",it Serie A,20.0,6.0,4.0,410.0,4.6,0.0,0.0,0.0,0.0,0.0,0.0,0.1,0.1,0.0,2.0,16.0,14.0
4399,2017-2018,BELEC,Benevento,,,,GK,it Serie A,27.0,13.0,13.0,1113.0,12.4,0.0,0.0,0.0,0.0,1.0,1.0,0.0,0.0,0.0,0.0,0.0,0.0
4400,2017-2018,BESSA,Hellas Verona,,,,"MF,FW",it Serie A,24.0,17.0,15.0,1389.0,15.4,1.0,1.0,0.0,0.0,5.0,0.0,1.0,1.0,1.8,44.0,68.0,59.0
4401,2017-2018,BUCHEL,Hellas Verona,,,,MF,it Serie A,26.0,23.0,20.0,1696.0,18.8,0.0,0.0,0.0,0.0,9.0,0.0,0.2,0.2,0.4,4.0,60.0,7.0
4402,2017-2018,CACERES,Hellas Verona,,,,DF,it Serie A,30.0,14.0,14.0,1165.0,12.9,3.0,1.0,0.0,0.0,3.0,0.0,2.0,2.0,0.3,9.0,48.0,32.0
4403,2017-2018,CALVANO,Hellas Verona,,,,MF,it Serie A,24.0,15.0,7.0,644.0,7.2,0.0,0.0,0.0,0.0,1.0,0.0,0.3,0.3,0.5,4.0,23.0,11.0
4404,2017-2018,CAPUANO,Cagliari,,,,DF,it Serie A,25.0,9.0,7.0,690.0,7.7,0.0,0.0,0.0,0.0,2.0,0.0,0.1,0.1,0.1,14.0,30.0,22.0
4405,2017-2018,CARACCIOLO,Hellas Verona,,,,DF,it Serie A,27.0,33.0,32.0,2857.0,31.7,2.0,4.0,0.0,0.0,6.0,0.0,1.6,1.6,1.0,2.0,33.0,8.0
4406,2017-2018,CERCI,Hellas Verona,,,,FW,it Serie A,30.0,24.0,22.0,1635.0,18.2,3.0,1.0,1.0,1.0,1.0,0.0,3.3,2.5,4.1,76.0,42.0,141.0
4407,2017-2018,CODA,Benevento,,,,FW,it Serie A,28.0,24.0,14.0,1417.0,15.7,4.0,1.0,1.0,1.0,1.0,0.0,5.6,4.8,1.3,26.0,35.0,114.0
4408,2017-2018,COSTA,SPAL,,,,DF,it Serie A,22.0,23.0,14.0,1473.0,16.4,0.0,1.0,0.0,0.0,4.0,0.0,0.3,0.3,1.0,42.0,46.0,98.0
4409,2017-2018,BELO,SPAL,,,,DF,it Serie A,33.0,30.0,30.0,2573.0,28.6,1.0,1.0,0.0,0.0,6.0,1.0,2.4,2.4,0.3,25.0,97.0,7.0
4410,2017-2018,DANZI,Hellas Verona,,,,MF,it Serie A,18.0,5.0,4.0,393.0,4.4,0.0,0.0,0.0,0.0,1.0,0.0,0.0,0.0,0.0,2.0,16.0,4.0
4411,2017-2018,FALCINELLI,Sassuolo,,,,FW,it Serie A,26.0,20.0,15.0,1314.0,14.6,2.0,1.0,0.0,0.0,2.0,0.0,4.2,4.0,0.4,17.0,24.0,79.0
4412,2017-2018,FARES,Hellas Verona,,,,"DF,MF",it Serie A,21.0,30.0,29.0,2604.0,28.9,0.0,1.0,0.0,0.0,12.0,0.0,1.8,1.8,1.7,66.0,72.0,98.0
4413,2017-2018,FERRARI,Hellas Verona,,,,DF,it Serie A,23.0,25.0,25.0,2136.0,23.7,1.0,0.0,0.0,0.0,5.0,0.0,0.8,0.8,0.2,39.0,61.0,32.0
4414,2017-2018,FELICIOLI,Hellas Verona,,,,"MF,DF",it Serie A,19.0,6.0,2.0,277.0,3.1,0.0,0.0,0.0,0.0,1.0,0.0,0.0,0.0,0.0,4.0,7.0,16.0
4415,2017-2018,FOSSATI,Hellas Verona,,,,MF,it Serie A,24.0,17.0,11.0,1101.0,12.2,0.0,0.0,0.0,0.0,5.0,0.0,0.3,0.3,0.6,10.0,73.0,8.0
4416,2017-2018,GASPAR,Fiorentina,,,,DF,it Serie A,24.0,15.0,6.0,781.0,8.7,0.0,2.0,0.0,0.0,2.0,0.0,0.0,0.0,0.8,19.0,52.0,48.0
4417,2017-2018,GOMIS,SPAL,,,,GK,it Serie A,23.0,26.0,25.0,2261.0,25.1,0.0,0.0,0.0,0.0,0.0,0.0,0.0,0.0,0.0,0.0,0.0,0.0
4418,2017-2018,GONZALEZ,Bologna,,,,DF,it Serie A,29.0,22.0,22.0,1857.0,20.6,0.0,0.0,0.0,0.0,5.0,3.0,0.1,0.1,0.0,11.0,37.0,1.0
4419,2017-2018,HENRIQUE,Inter,,,,DF,it Serie A,23.0,13.0,5.0,531.0,5.9,0.0,0.0,0.0,0.0,0.0,0.0,0.1,0.1,0.2,18.0,29.0,27.0
4420,2017-2018,HEURTAUX,Hellas Verona,,,,DF,it Serie A,29.0,17.0,16.0,1392.0,15.5,0.0,0.0,0.0,0.0,3.0,2.0,0.0,0.0,0.0,1.0,22.0,0.0
4421,2017-2018,KEAN,Hellas Verona,,,,FW,it Serie A,17.0,19.0,12.0,1131.0,12.6,4.0,0.0,0.0,0.0,5.0,0.0,4.9,4.9,0.5,30.0,13.0,61.0
4422,2017-2018,KURTIC,Atalanta,,,,MF,it Serie A,28.0,14.0,7.0,662.0,7.4,2.0,0.0,0.0,0.0,2.0,0.0,1.5,1.5,0.3,19.0,21.0,43.0
4423,2017-2018,KWANG-SONG,Cagliari,,,,FW,it Serie A,18.0,7.0,3.0,277.0,3.1,0.0,0.0,0.0,0.0,0.0,0.0,0.2,0.2,0.1,3.0,4.0,27.0
4424,2017-2018,LARANGEIRA,Udinese,,,,DF,it Serie A,33.0,32.0,32.0,2775.0,30.8,1.0,0.0,0.0,0.0,8.0,0.0,1.3,1.3,0.2,5.0,62.0,3.0
4425,2017-2018,MATOS,Hellas Verona,,,,"FW,MF",it Serie A,24.0,14.0,11.0,978.0,10.9,0.0,1.0,0.0,0.0,1.0,0.0,0.7,0.7,0.9,38.0,18.0,78.0
4426,2017-2018,NWANKWO,Crotone,,,,FW,it Serie A,25.0,23.0,11.0,1219.0,13.5,7.0,1.0,0.0,0.0,1.0,0.0,4.2,4.2,0.6,13.0,24.0,82.0
4427,2017-2018,ORSOLINI,Atalanta,,,,"MF,FW",it Serie A,20.0,8.0,0.0,125.0,1.4,0.0,0.0,0.0,0.0,0.0,0.0,0.3,0.3,0.5,6.0,4.0,21.0
4428,2017-2018,PAZZINI,Hellas Verona,,,,FW,it Serie A,32.0,19.0,7.0,992.0,11.0,4.0,0.0,4.0,4.0,1.0,0.0,3.9,0.7,0.9,9.0,14.0,46.0
4429,2017-2018,PETKOVIC,Hellas Verona,,,,FW,it Serie A,22.0,16.0,10.0,922.0,10.2,0.0,2.0,0.0,0.0,1.0,0.0,0.8,0.8,1.5,20.0,25.0,36.0
4430,2017-2018,PETKOVIC,Bologna,,,,"FW,MF",it Serie A,22.0,9.0,3.0,329.0,3.7,0.0,1.0,0.0,0.0,3.0,0.0,0.1,0.1,0.9,7.0,13.0,32.0
4431,2017-2018,PUGGIONI,Sampdoria,,,,GK,it Serie A,36.0,9.0,9.0,810.0,9.0,0.0,0.0,0.0,0.0,0.0,0.0,0.0,0.0,0.0,0.0,0.0,0.0
4432,2017-2018,RICCI,Genoa,,,,MF,it Serie A,23.0,5.0,2.0,217.0,2.4,0.0,0.0,0.0,0.0,0.0,0.0,0.4,0.4,0.2,7.0,13.0,16.0
4433,2017-2018,RIGONI,Genoa,,,,MF,it Serie A,32.0,23.0,19.0,1574.0,17.5,2.0,2.0,0.0,0.0,5.0,0.0,5.5,5.5,1.8,21.0,75.0,63.0
4434,2017-2018,RIGONI,Chievo,,,,MF,it Serie A,26.0,15.0,12.0,933.0,10.4,0.0,0.0,0.0,0.0,3.0,0.0,0.5,0.5,0.1,7.0,65.0,16.0
4435,2017-2018,RIZZO,SPAL,,,,MF,it Serie A,25.0,11.0,4.0,488.0,5.4,2.0,0.0,0.0,0.0,0.0,0.0,0.5,0.5,0.8,20.0,19.0,32.0
4436,2017-2018,ROMERO,Crotone,,,,"MF,FW",it Serie A,21.0,6.0,0.0,86.0,1.0,0.0,0.0,0.0,0.0,2.0,0.0,0.1,0.1,0.0,4.0,8.0,1.0
4437,2017-2018,ROMULO,Hellas Verona,,,,"MF,DF",it Serie A,30.0,37.0,36.0,3168.0,35.2,3.0,5.0,2.0,2.0,7.0,0.0,3.9,2.3,3.6,149.0,121.0,151.0
4438,2017-2018,SANCHEZ,Fiorentina,,,,"MF,DF",it Serie A,31.0,9.0,3.0,368.0,4.1,1.0,0.0,0.0,0.0,2.0,0.0,0.8,0.8,0.0,2.0,21.0,2.0
4439,2017-2018,SANTOS,Udinese,,,,DF,it Serie A,22.0,31.0,30.0,2569.0,28.5,2.0,0.0,0.0,0.0,7.0,1.0,0.6,0.6,0.1,28.0,108.0,23.0
4440,2017-2018,SEUNG-WOO,Hellas Verona,,,,"MF,FW",it Serie A,19.0,14.0,1.0,358.0,4.0,1.0,0.0,0.0,0.0,4.0,0.0,0.4,0.4,0.1,12.0,18.0,23.0
4441,2017-2018,SIMIC,SPAL,,,,DF,it Serie A,21.0,6.0,3.0,318.0,3.5,1.0,0.0,0.0,0.0,1.0,0.0,0.1,0.1,0.0,2.0,10.0,1.0
4442,2017-2018,SIMIC,Crotone,,,,DF,it Serie A,22.0,9.0,6.0,555.0,6.2,0.0,0.0,0.0,0.0,2.0,0.0,0.2,0.2,0.0,3.0,10.0,2.0
4443,2017-2018,SOUPRAYEN,Hellas Verona,,,,DF,it Serie A,28.0,22.0,19.0,1582.0,17.6,0.0,0.0,0.0,0.0,2.0,2.0,0.2,0.2,0.4,12.0,59.0,21.0
4444,2017-2018,VALOTI,Hellas Verona,,,,"MF,FW",it Serie A,23.0,26.0,18.0,1577.0,17.5,3.0,0.0,0.0,0.0,9.0,0.0,3.6,3.6,0.8,13.0,56.0,48.0
4445,2017-2018,VERDE,Hellas Verona,,,,"FW,MF",it Serie A,21.0,30.0,22.0,1954.0,21.7,2.0,2.0,0.0,0.0,0.0,0.0,2.3,2.3,2.0,64.0,68.0,114.0
4446,2017-2018,VUKOVIC,Hellas Verona,,,,DF,it Serie A,29.0,15.0,15.0,1333.0,14.8,1.0,1.0,0.0,0.0,1.0,0.0,0.2,0.2,0.5,2.0,30.0,0.0
4447,2017-2018,ZACCAGNI,Hellas Verona,,,,"MF,FW",it Serie A,22.0,6.0,2.0,152.0,1.7,0.0,0.0,0.0,0.0,1.0,0.0,0.5,0.5,0.0,2.0,6.0,6.0
4448,2017-2018,ZUCULINI,Hellas Verona,,,,MF,it Serie A,24.0,16.0,15.0,1216.0,13.5,2.0,0.0,0.0,0.0,6.0,5.0,1.1,1.1,0.0,5.0,58.0,5.0
4449,2017-2018,ZUCULINI,Hellas Verona,,,,"MF,FW",it Serie A,26.0,11.0,3.0,329.0,3.7,0.0,0.0,0.0,0.0,1.0,0.0,0.2,0.2,0.2,5.0,17.0,10.0
4450,2017-2018,DURICIC,Benevento,,,,"MF,FW",it Serie A,25.0,15.0,13.0,971.0,10.8,0.0,1.0,0.0,0.0,1.0,0.0,0.8,0.8,1.6,43.0,44.0,51.0
4451,2018-2019,BALDE,Inter,,,,FW,it Serie A,23.0,24.0,8.0,889.0,9.9,5.0,2.0,0.0,0.0,2.0,1.0,3.9,3.9,2.2,57.0,27.0,98.0
4452,2018-2019,BIRSA,Chievo,,,,"MF,FW",it Serie A,31.0,17.0,12.0,1101.0,12.2,2.0,2.0,1.0,1.0,1.0,0.0,1.7,0.9,2.2,40.0,78.0,72.0
4453,2018-2019,CACCIATORE,Chievo,,,,DF,it Serie A,31.0,7.0,5.0,497.0,5.5,0.0,0.0,0.0,0.0,1.0,0.0,0.0,0.0,0.6,8.0,20.0,25.0
4454,2018-2019,CAN,Juventus,,,,MF,it Serie A,24.0,29.0,20.0,1811.0,20.1,4.0,1.0,1.0,1.0,7.0,0.0,2.7,1.9,2.4,48.0,90.0,46.0
4455,2018-2019,CIOFANI,Frosinone,,,,FW,it Serie A,33.0,31.0,17.0,1618.0,18.0,5.0,2.0,2.0,2.0,1.0,0.0,5.9,4.3,1.7,8.0,20.0,92.0
4456,2018-2019,COSTA,SPAL,,,,"DF,FW",it Serie A,23.0,9.0,6.0,564.0,6.3,0.0,0.0,0.0,0.0,0.0,0.0,0.3,0.3,0.4,16.0,19.0,18.0
4457,2018-2019,BELO,SPAL,,,,DF,it Serie A,34.0,30.0,27.0,2361.0,26.2,3.0,2.0,0.0,0.0,13.0,0.0,2.6,2.6,1.1,15.0,67.0,6.0
4458,2018-2019,MAIO,Bologna,,,,DF,it Serie A,31.0,6.0,6.0,491.0,5.5,0.0,1.0,0.0,0.0,3.0,0.0,0.2,0.2,0.0,10.0,17.0,1.0
4459,2018-2019,DEIOLA,Parma,,,,"MF,FW",it Serie A,22.0,10.0,5.0,545.0,6.1,0.0,1.0,0.0,0.0,3.0,0.0,0.2,0.2,0.3,7.0,10.0,20.0
4460,2018-2019,FARIAS,Cagliari,,,,FW,it Serie A,28.0,16.0,7.0,700.0,7.8,3.0,0.0,0.0,0.0,3.0,0.0,2.6,2.6,0.3,19.0,20.0,67.0
4461,2018-2019,GOMIS,SPAL,,,,GK,it Serie A,24.0,20.0,19.0,1724.0,19.2,0.0,0.0,0.0,0.0,0.0,0.0,0.0,0.0,0.0,0.0,0.0,0.0
4462,2018-2019,GONZALEZ,Bologna,,,,DF,it Serie A,30.0,12.0,8.0,746.0,8.3,0.0,1.0,0.0,0.0,2.0,0.0,0.2,0.2,0.7,6.0,25.0,2.0
4463,2018-2019,HALLFREDSSON,Frosinone,,,,MF,it Serie A,34.0,6.0,5.0,392.0,4.4,0.0,0.0,0.0,0.0,2.0,0.0,0.0,0.0,0.1,2.0,16.0,7.0
4464,2018-2019,HENRIQUE,Inter,,,,DF,it Serie A,24.0,11.0,9.0,778.0,8.6,0.0,1.0,0.0,0.0,2.0,0.0,0.2,0.2,1.1,23.0,30.0,43.0
4465,2018-2019,LARANGEIRA,Bologna,,,,DF,it Serie A,34.0,35.0,35.0,3077.0,34.2,1.0,0.0,0.0,0.0,4.0,0.0,0.8,0.8,0.8,18.0,104.0,6.0
4466,2018-2019,MAURI,Milan,,,,MF,it Serie A,22.0,5.0,2.0,208.0,2.3,0.0,0.0,0.0,0.0,0.0,0.0,0.1,0.1,0.1,1.0,11.0,2.0
4467,2018-2019,PIATEK,Genoa,,,,FW,it Serie A,23.0,19.0,18.0,1593.0,17.7,13.0,0.0,2.0,2.0,5.0,0.0,9.1,7.6,1.4,28.0,30.0,107.0
4468,2018-2019,RADOVANOVIC,Chievo,,,,MF,it Serie A,29.0,19.0,19.0,1706.0,19.0,0.0,0.0,0.0,0.0,6.0,0.0,0.7,0.7,0.5,11.0,110.0,2.0
4469,2018-2019,RIGONI,Atalanta,,,,"FW,MF",it Serie A,25.0,12.0,6.0,522.0,5.8,3.0,0.0,0.0,0.0,1.0,0.0,2.0,2.0,0.4,28.0,29.0,80.0
4470,2018-2019,RIGONI,Parma,,,,MF,it Serie A,33.0,23.0,20.0,1761.0,19.6,2.0,1.0,0.0,0.0,5.0,0.0,3.0,3.0,0.6,17.0,65.0,36.0
4471,2018-2019,RIGONI,Chievo,,,,MF,it Serie A,27.0,24.0,23.0,1951.0,21.7,0.0,1.0,0.0,0.0,9.0,1.0,1.6,1.6,0.3,10.0,106.0,18.0
4472,2018-2019,ROMULO,Genoa,,,,"MF,FW",it Serie A,31.0,17.0,17.0,1351.0,15.0,1.0,2.0,1.0,1.0,1.0,1.0,1.7,0.9,2.0,52.0,43.0,50.0
4473,2018-2019,PENA,Napoli,,,,MF,it Serie A,22.0,27.0,20.0,1992.0,22.1,5.0,4.0,0.0,0.0,3.0,1.0,3.1,3.1,4.1,70.0,204.0,116.0
4474,2018-2019,SANDRO,Genoa,,,,MF,it Serie A,29.0,13.0,9.0,711.0,7.9,0.0,1.0,0.0,0.0,3.0,0.0,0.2,0.2,0.5,4.0,31.0,2.0
4475,2018-2019,SANTOS,Udinese,,,,DF,it Serie A,23.0,21.0,21.0,1797.0,20.0,2.0,0.0,0.0,0.0,7.0,0.0,0.9,0.9,1.3,24.0,54.0,27.0
4476,2018-2019,SAU,Cagliari,,,,"FW,MF",it Serie A,30.0,14.0,5.0,558.0,6.2,1.0,0.0,0.0,0.0,4.0,0.0,1.1,1.1,0.4,17.0,10.0,40.0
4477,2018-2019,SIMIC,SPAL,,,,DF,it Serie A,22.0,8.0,2.0,238.0,2.6,0.0,0.0,0.0,0.0,0.0,0.0,0.8,0.8,0.3,3.0,10.0,1.0
4478,2018-2019,SORIANO,Torino,,,,MF,it Serie A,27.0,11.0,6.0,468.0,5.2,0.0,2.0,0.0,0.0,1.0,0.0,0.2,0.2,0.4,14.0,22.0,47.0
4479,2018-2019,TERRACCIANO,Empoli,,,,GK,it Serie A,28.0,8.0,8.0,720.0,8.0,0.0,0.0,0.0,0.0,0.0,0.0,0.0,0.0,0.0,0.0,0.0,0.0
4480,2018-2019,DORDEVIC,Chievo,,,,FW,it Serie A,30.0,13.0,6.0,634.0,7.0,1.0,1.0,0.0,0.0,1.0,0.0,3.0,3.0,0.6,6.0,7.0,41.0
4481,2018-2019,DURICIC,Sassuolo,,,,"FW,MF",it Serie A,26.0,23.0,16.0,1252.0,13.9,2.0,1.0,0.0,0.0,2.0,1.0,1.4,1.4,1.5,36.0,56.0,76.0
4482,2019-2020,ADJAPONG,Hellas Verona,,,,DF,it Serie A,21.0,5.0,2.0,231.0,2.6,0.0,0.0,0.0,0.0,0.0,0.0,0.2,0.2,0.0,4.0,5.0,16.0
4483,2019-2020,AGUDELO,Genoa,,,,"MF,FW",it Serie A,20.0,10.0,7.0,666.0,7.4,1.0,1.0,0.0,0.0,5.0,1.0,1.2,1.2,1.6,39.0,41.0,34.0
4484,2019-2020,AGYEMANG-BADU,Hellas Verona,,,,MF,it Serie A,28.0,10.0,2.0,230.0,2.6,0.0,0.0,0.0,0.0,2.0,0.0,0.0,0.0,0.0,2.0,7.0,1.0
4485,2019-2020,AMRABAT,Hellas Verona,,,,MF,it Serie A,22.0,34.0,33.0,2919.0,32.4,1.0,1.0,1.0,1.0,10.0,2.0,2.0,1.3,2.4,84.0,199.0,52.0
4486,2019-2020,BARAK,Udinese,,,,"MF,FW",it Serie A,24.0,8.0,1.0,194.0,2.2,0.0,0.0,0.0,0.0,1.0,0.0,0.1,0.1,0.2,7.0,11.0,12.0
4487,2019-2020,BARROW,Atalanta,,,,"FW,MF",it Serie A,20.0,7.0,1.0,190.0,2.1,0.0,2.0,0.0,1.0,0.0,0.0,2.4,1.6,1.0,6.0,7.0,35.0
4488,2019-2020,BOCCHETTI,Hellas Verona,,,,DF,it Serie A,32.0,5.0,3.0,303.0,3.4,0.0,0.0,0.0,0.0,2.0,0.0,0.0,0.0,0.0,5.0,16.0,5.0
4489,2019-2020,BORINI,Hellas Verona,,,,"MF,FW",it Serie A,28.0,14.0,9.0,808.0,9.0,3.0,0.0,1.0,1.0,1.0,1.0,3.2,2.4,0.4,21.0,17.0,72.0
4490,2019-2020,CAN,Juventus,,,,MF,it Serie A,25.0,8.0,2.0,284.0,3.2,0.0,0.0,0.0,0.0,2.0,0.0,1.2,1.2,0.1,11.0,13.0,18.0
4491,2019-2020,CAPRARI,Sampdoria,,,,"FW,MF",it Serie A,26.0,18.0,5.0,667.0,7.4,3.0,0.0,0.0,0.0,4.0,1.0,1.2,1.2,0.5,21.0,29.0,57.0
4492,2019-2020,CASTRO,Cagliari,,,,MF,it Serie A,30.0,15.0,6.0,606.0,6.7,2.0,0.0,0.0,0.0,2.0,0.0,0.9,0.9,0.4,12.0,31.0,31.0
4493,2019-2020,CERRI,Cagliari,,,,FW,it Serie A,23.0,11.0,1.0,244.0,2.7,1.0,0.0,0.0,0.0,1.0,0.0,0.4,0.4,0.1,1.0,8.0,25.0
4494,2019-2020,BELO,SPAL,,,,DF,it Serie A,35.0,15.0,11.0,997.0,11.1,0.0,0.0,0.0,0.0,5.0,0.0,0.7,0.7,0.0,9.0,32.0,5.0
4495,2019-2020,DAWIDOWICZ,Hellas Verona,,,,DF,it Serie A,24.0,15.0,7.0,693.0,7.7,1.0,0.0,0.0,0.0,4.0,2.0,0.4,0.4,0.0,14.0,35.0,4.0
4496,2019-2020,DESTRO,Bologna,,,,FW,it Serie A,28.0,5.0,2.0,185.0,2.1,0.0,0.0,0.0,0.0,2.0,0.0,0.6,0.6,1.0,1.0,5.0,8.0
4497,2019-2020,CARMINE,Hellas Verona,,,,"FW,MF",it Serie A,30.0,22.0,17.0,1293.0,14.4,8.0,0.0,1.0,2.0,3.0,0.0,6.7,5.2,0.6,8.0,7.0,79.0
4498,2019-2020,DIMARCO,Hellas Verona,,,,DF,it Serie A,21.0,13.0,5.0,521.0,5.8,0.0,3.0,0.0,0.0,1.0,0.0,0.7,0.7,2.0,18.0,43.0,38.0
4499,2019-2020,DUNCAN,Sassuolo,,,,MF,it Serie A,26.0,13.0,10.0,843.0,9.4,1.0,5.0,0.0,0.0,3.0,0.0,1.1,1.1,1.1,11.0,51.0,32.0
4500,2019-2020,EMPEREUR,Hellas Verona,,,,DF,it Serie A,25.0,13.0,8.0,855.0,9.5,0.0,0.0,0.0,0.0,3.0,0.0,0.1,0.1,0.0,6.0,32.0,2.0
4501,2019-2020,EYSSERIC,Hellas Verona,,,,"MF,FW",it Serie A,27.0,6.0,3.0,353.0,3.9,0.0,0.0,0.0,0.0,3.0,0.0,0.2,0.2,0.5,6.0,18.0,31.0
4502,2019-2020,BALDURSSON,Bologna,,,,MF,it Serie A,17.0,7.0,0.0,143.0,1.6,0.0,0.0,0.0,0.0,0.0,0.0,0.1,0.1,0.0,3.0,6.0,6.0
4503,2019-2020,FARAONI,Hellas Verona,,,,DF,it Serie A,27.0,36.0,36.0,3228.0,35.9,5.0,3.0,0.0,0.0,6.0,0.0,4.2,4.2,3.6,47.0,149.0,164.0
4504,2019-2020,GHEZZI,Brescia,,,,"FW,MF",it Serie A,18.0,5.0,0.0,37.0,0.4,0.0,0.0,0.0,0.0,0.0,0.0,0.1,0.1,0.0,1.0,1.0,1.0
4505,2019-2020,GUNTER,Hellas Verona,,,,DF,it Serie A,24.0,32.0,31.0,2733.0,30.4,0.0,0.0,0.0,0.0,7.0,0.0,0.4,0.4,0.2,7.0,86.0,5.0
4506,2019-2020,HENRIQUE,Fiorentina,,,,"DF,MF",it Serie A,25.0,31.0,29.0,2484.0,27.6,0.0,5.0,0.0,0.0,8.0,1.0,0.8,0.8,3.4,63.0,104.0,159.0
4507,2019-2020,IGOR,SPAL,,,,DF,it Serie A,21.0,17.0,15.0,1337.0,14.9,0.0,1.0,0.0,0.0,7.0,0.0,0.1,0.1,1.0,33.0,58.0,19.0
4508,2019-2020,KJAER,Atalanta,,,,DF,it Serie A,30.0,5.0,3.0,292.0,3.2,0.0,0.0,0.0,0.0,2.0,0.0,0.1,0.1,0.0,0.0,2.0,0.0
4509,2019-2020,KOUAME,Genoa,,,,FW,it Serie A,21.0,11.0,10.0,915.0,10.2,5.0,2.0,0.0,0.0,1.0,0.0,1.8,1.8,1.0,13.0,26.0,76.0
4510,2019-2020,KUMBULLA,Hellas Verona,,,,DF,it Serie A,19.0,25.0,25.0,1950.0,21.7,1.0,0.0,0.0,0.0,7.0,1.0,1.7,1.7,0.1,10.0,58.0,14.0
4511,2019-2020,KURTIC,SPAL,,,,MF,it Serie A,30.0,16.0,16.0,1409.0,15.7,2.0,0.0,0.0,0.0,5.0,0.0,2.4,2.4,2.4,62.0,74.0,87.0
4512,2019-2020,LARANGEIRA,Bologna,,,,DF,it Serie A,35.0,30.0,30.0,2638.0,29.3,2.0,0.0,0.0,0.0,11.0,1.0,0.9,0.9,0.2,14.0,101.0,1.0
4513,2019-2020,LAXALT,Torino,,,,"DF,MF",it Serie A,26.0,16.0,4.0,596.0,6.6,0.0,1.0,0.0,0.0,3.0,0.0,0.4,0.4,0.3,21.0,24.0,28.0
4514,2019-2020,LAZOVIC,Hellas Verona,,,,DF,it Serie A,28.0,38.0,37.0,3239.0,36.0,3.0,7.0,0.0,0.0,4.0,0.0,2.3,2.3,8.5,143.0,172.0,321.0
4515,2019-2020,LIMA,Lazio,,,,"MF,DF",it Serie A,19.0,6.0,0.0,62.0,0.7,0.0,0.0,0.0,0.0,0.0,0.0,0.2,0.2,0.2,1.0,3.0,4.0
4516,2019-2020,MASIELLO,Atalanta,,,,DF,it Serie A,33.0,7.0,7.0,543.0,6.0,0.0,0.0,0.0,0.0,1.0,0.0,0.0,0.0,0.1,2.0,15.0,7.0
4517,2019-2020,MATRI,Brescia,,,,"FW,MF",it Serie A,34.0,8.0,0.0,89.0,1.0,0.0,0.0,0.0,0.0,1.0,1.0,0.4,0.4,0.3,1.0,6.0,11.0
4518,2019-2020,PALOSCHI,SPAL,,,,FW,it Serie A,29.0,10.0,5.0,438.0,4.9,0.0,0.0,0.0,0.0,0.0,0.0,1.7,1.7,0.4,2.0,1.0,24.0
4519,2019-2020,PAZZINI,Hellas Verona,,,,"FW,MF",it Serie A,34.0,15.0,1.0,307.0,3.4,4.0,0.0,3.0,3.0,0.0,0.0,4.0,1.7,0.2,2.0,6.0,20.0
4520,2019-2020,PESSINA,Hellas Verona,,,,MF,it Serie A,22.0,35.0,27.0,2489.0,27.7,7.0,0.0,0.0,0.0,7.0,0.0,4.9,4.9,1.7,48.0,171.0,140.0
4521,2019-2020,POLITANO,Inter,,,,"FW,MF",it Serie A,25.0,11.0,2.0,259.0,2.9,0.0,0.0,0.0,0.0,0.0,0.0,0.7,0.7,0.7,22.0,3.0,29.0
4522,2019-2020,RADU,Genoa,,,,GK,it Serie A,22.0,17.0,17.0,1530.0,17.0,0.0,1.0,0.0,0.0,1.0,0.0,0.0,0.0,0.1,0.0,0.0,0.0
4523,2019-2020,RIGONI,Sampdoria,,,,"MF,FW",it Serie A,26.0,8.0,4.0,431.0,4.8,0.0,1.0,0.0,0.0,2.0,0.0,1.3,1.3,0.9,17.0,18.0,51.0
4524,2019-2020,RRAHMANI,Hellas Verona,,,,DF,it Serie A,25.0,36.0,36.0,3228.0,35.9,0.0,1.0,0.0,0.0,5.0,0.0,3.5,3.5,0.9,38.0,127.0,27.0
4525,2019-2020,PENA,Napoli,,,,MF,it Serie A,23.0,33.0,30.0,2684.0,29.8,3.0,6.0,0.0,0.0,2.0,0.0,3.2,3.2,4.5,86.0,277.0,132.0
4526,2019-2020,SALCEDO,Hellas Verona,,,,"FW,MF",it Serie A,17.0,17.0,7.0,680.0,7.6,1.0,0.0,0.0,0.0,0.0,0.0,1.7,1.7,1.6,24.0,15.0,75.0
4527,2019-2020,SANTOS,Udinese,,,,DF,it Serie A,24.0,21.0,16.0,1546.0,17.2,1.0,0.0,0.0,0.0,3.0,0.0,0.7,0.7,0.3,18.0,60.0,11.0
4528,2019-2020,SILVESTRI,Hellas Verona,,,,GK,it Serie A,28.0,35.0,35.0,3150.0,35.0,0.0,0.0,0.0,0.0,2.0,0.0,0.0,0.0,0.0,0.0,0.0,0.0
4529,2019-2020,STEPINSKI,Hellas Verona,,,,"FW,MF",it Serie A,24.0,21.0,7.0,706.0,7.8,3.0,1.0,0.0,0.0,3.0,1.0,2.9,2.9,0.1,9.0,2.0,63.0
4530,2019-2020,TUTINO,Hellas Verona,,,,"FW,MF",it Serie A,22.0,6.0,2.0,225.0,2.5,0.0,0.0,0.0,0.0,0.0,0.0,0.2,0.2,0.0,7.0,6.0,12.0
4531,2019-2020,VELOSO,Hellas Verona,,,,MF,it Serie A,33.0,34.0,32.0,2811.0,31.2,3.0,4.0,0.0,0.0,6.0,0.0,2.1,2.1,4.9,71.0,215.0,35.0
4532,2019-2020,VERRE,Hellas Verona,,,,"MF,FW",it Serie A,25.0,32.0,22.0,1774.0,19.7,3.0,2.0,2.0,2.0,4.0,0.0,5.8,4.3,2.6,55.0,88.0,140.0
4533,2019-2020,ZACCAGNI,Hellas Verona,,,,"MF,FW",it Serie A,24.0,34.0,26.0,2114.0,23.5,2.0,5.0,0.0,0.0,5.0,0.0,4.0,4.0,4.1,98.0,89.0,225.0
4534,2019-2020,DURICIC,Sassuolo,,,,"MF,FW",it Serie A,27.0,29.0,19.0,1633.0,18.1,5.0,5.0,0.0,0.0,6.0,0.0,3.0,3.0,4.1,67.0,76.0,99.0
4535,2020-2021,AKPA-AKPRO,Lazio,,,,MF,it Serie A,27.0,32.0,6.0,1056.0,11.7,0.0,1.0,0.0,0.0,9.0,0.0,1.2,1.2,0.8,11.0,26.0,31.0
4536,2020-2021,BALDE,Sampdoria,,,,FW,it Serie A,25.0,25.0,12.0,1197.0,13.3,7.0,1.0,0.0,0.0,4.0,1.0,5.7,5.7,2.4,40.0,26.0,110.0
4537,2020-2021,BANI,Genoa,,,,DF,it Serie A,26.0,11.0,10.0,921.0,10.2,0.0,0.0,0.0,0.0,4.0,0.0,0.6,0.6,0.2,1.0,15.0,3.0
4538,2020-2021,BARAK,Hellas Verona,,,,MF,it Serie A,25.0,34.0,32.0,2765.0,30.7,7.0,3.0,0.0,0.0,5.0,1.0,6.8,6.8,2.2,64.0,147.0,101.0
4539,2020-2021,BESSA,Hellas Verona,,,,MF,it Serie A,27.0,18.0,4.0,615.0,6.8,0.0,2.0,0.0,0.0,1.0,0.0,1.0,1.0,1.9,19.0,35.0,39.0
4540,2020-2021,CECCHERINI,Hellas Verona,,,,DF,it Serie A,28.0,25.0,23.0,1738.0,19.3,0.0,0.0,0.0,0.0,8.0,0.0,1.3,1.3,0.6,17.0,69.0,27.0
4541,2020-2021,COLLEY,Hellas Verona,,,,"MF,FW",it Serie A,20.0,23.0,4.0,734.0,8.2,1.0,0.0,0.0,0.0,1.0,0.0,1.7,1.7,0.7,28.0,22.0,95.0
4542,2020-2021,JUNIOR,Bologna,,,,GK,it Serie A,36.0,6.0,6.0,540.0,6.0,0.0,0.0,0.0,0.0,2.0,0.0,0.0,0.0,0.0,0.0,0.0,0.0
4543,2020-2021,DAWIDOWICZ,Hellas Verona,,,,DF,it Serie A,25.0,30.0,22.0,1860.0,20.7,0.0,0.0,0.0,0.0,9.0,0.0,1.9,1.9,1.0,12.0,48.0,23.0
4544,2020-2021,DEIOLA,Spezia,,,,MF,it Serie A,24.0,12.0,4.0,360.0,4.0,0.0,0.0,0.0,0.0,1.0,0.0,0.2,0.2,0.3,3.0,12.0,16.0
4545,2020-2021,DEPAOLI,Atalanta,,,,DF,it Serie A,23.0,5.0,3.0,191.0,2.1,0.0,0.0,0.0,0.0,0.0,0.0,0.0,0.0,0.2,3.0,8.0,22.0
4546,2020-2021,CARMINE,Hellas Verona,,,,FW,it Serie A,31.0,11.0,6.0,500.0,5.6,0.0,0.0,0.0,0.0,1.0,0.0,1.4,1.4,0.1,10.0,7.0,44.0
4547,2020-2021,DIMARCO,Hellas Verona,,,,DF,it Serie A,22.0,35.0,29.0,2613.0,29.0,5.0,3.0,0.0,0.0,6.0,0.0,2.8,2.8,7.8,61.0,172.0,138.0
4548,2020-2021,FARAGO,Cagliari,,,,DF,it Serie A,27.0,8.0,4.0,369.0,4.1,0.0,0.0,0.0,0.0,2.0,0.0,0.2,0.2,0.5,2.0,13.0,10.0
4549,2020-2021,FARAONI,Hellas Verona,,,,DF,it Serie A,28.0,34.0,33.0,2891.0,32.1,4.0,7.0,0.0,0.0,8.0,0.0,3.1,3.1,3.4,26.0,132.0,100.0
4550,2020-2021,FAVILLI,Hellas Verona,,,,FW,it Serie A,23.0,11.0,2.0,339.0,3.8,2.0,0.0,0.0,0.0,1.0,0.0,1.6,1.6,0.1,7.0,2.0,37.0
4551,2020-2021,GUNTER,Hellas Verona,,,,DF,it Serie A,25.0,27.0,21.0,1768.0,19.6,0.0,2.0,0.0,0.0,4.0,0.0,0.3,0.3,0.5,5.0,77.0,1.0
4552,2020-2021,ILIC,Hellas Verona,,,,MF,it Serie A,19.0,29.0,19.0,1835.0,20.4,2.0,0.0,0.0,0.0,2.0,0.0,1.6,1.6,0.9,38.0,134.0,31.0
4553,2020-2021,KALINIC,Hellas Verona,,,,FW,it Serie A,32.0,19.0,15.0,1063.0,11.8,2.0,0.0,0.0,0.0,2.0,0.0,4.1,4.1,0.4,7.0,19.0,77.0
4554,2020-2021,LARANGEIRA,Bologna,,,,DF,it Serie A,36.0,35.0,34.0,3132.0,34.8,0.0,1.0,0.0,0.0,8.0,0.0,1.2,1.2,2.0,12.0,108.0,4.0
4555,2020-2021,LASAGNA,Udinese,,,,FW,it Serie A,27.0,17.0,12.0,1103.0,12.3,2.0,1.0,0.0,0.0,1.0,0.0,7.4,7.4,1.0,20.0,23.0,79.0
4556,2020-2021,LASAGNA,Hellas Verona,,,,FW,it Serie A,27.0,19.0,14.0,1267.0,14.1,2.0,0.0,0.0,0.0,0.0,0.0,3.2,3.2,1.9,28.0,19.0,100.0
4557,2020-2021,LAZOVIC,Hellas Verona,,,,"DF,MF",it Serie A,29.0,32.0,27.0,2503.0,27.8,3.0,6.0,0.0,0.0,3.0,0.0,3.4,3.4,4.8,68.0,156.0,198.0
4558,2020-2021,LOVATO,Hellas Verona,,,,DF,it Serie A,20.0,24.0,14.0,1386.0,15.4,0.0,0.0,0.0,0.0,5.0,0.0,0.1,0.1,0.1,6.0,35.0,6.0
4559,2020-2021,MAGNANI,Hellas Verona,,,,DF,it Serie A,24.0,25.0,15.0,1510.0,16.8,0.0,0.0,0.0,0.0,8.0,0.0,1.0,1.0,0.0,5.0,30.0,2.0
4560,2020-2021,MALDINI,Milan,,,,"FW,DF",it Serie A,18.0,5.0,0.0,29.0,0.3,0.0,0.0,0.0,0.0,0.0,0.0,0.1,0.1,0.0,1.0,2.0,3.0
4561,2020-2021,MANDRAGORA,Udinese,,,,MF,it Serie A,23.0,10.0,3.0,398.0,4.4,0.0,0.0,0.0,0.0,0.0,0.0,1.0,1.0,0.2,2.0,19.0,18.0
4562,2020-2021,MEITE,Torino,,,,MF,it Serie A,26.0,14.0,11.0,920.0,10.2,1.0,1.0,0.0,0.0,0.0,0.0,0.7,0.7,0.3,11.0,35.0,22.0
4563,2020-2021,MELO,Juventus,,,,MF,it Serie A,23.0,22.0,13.0,1157.0,12.9,1.0,0.0,0.0,0.0,3.0,0.0,0.1,0.1,1.0,9.0,79.0,13.0
4564,2020-2021,CETIN,Hellas Verona,,,,DF,it Serie A,23.0,6.0,4.0,418.0,4.6,0.0,0.0,0.0,0.0,1.0,0.0,0.1,0.1,0.0,3.0,9.0,3.0
4565,2020-2021,NWANKWO,Crotone,,,,FW,it Serie A,28.0,38.0,31.0,2943.0,32.7,20.0,2.0,8.0,8.0,1.0,0.0,19.1,12.8,1.1,22.0,50.0,175.0
4566,2020-2021,OUNAS,Cagliari,,,,"MF,FW",it Serie A,23.0,7.0,3.0,308.0,3.4,0.0,0.0,0.0,0.0,0.0,0.0,0.9,0.9,0.9,10.0,15.0,27.0
4567,2020-2021,RUEGG,Hellas Verona,,,,"DF,MF",it Serie A,21.0,7.0,1.0,205.0,2.3,0.0,0.0,0.0,0.0,0.0,0.0,0.0,0.0,0.0,3.0,3.0,7.0
4568,2020-2021,PENA,Napoli,,,,MF,it Serie A,24.0,33.0,29.0,2569.0,28.5,3.0,1.0,0.0,0.0,1.0,0.0,2.0,2.0,2.0,61.0,226.0,80.0
4569,2020-2021,SALCEDO,Hellas Verona,,,,"MF,FW",it Serie A,18.0,21.0,7.0,755.0,8.4,2.0,0.0,0.0,0.0,3.0,0.0,3.9,3.9,0.3,13.0,29.0,53.0
4570,2020-2021,SANTOS,Udinese,,,,DF,it Serie A,25.0,30.0,24.0,2216.0,24.6,1.0,0.0,0.0,0.0,6.0,0.0,1.3,1.3,0.6,24.0,88.0,23.0
4571,2020-2021,SILVESTRI,Hellas Verona,,,,GK,it Serie A,29.0,34.0,34.0,3060.0,34.0,0.0,0.0,0.0,0.0,1.0,0.0,0.0,0.0,0.0,0.0,0.0,0.0
4572,2020-2021,STURARO,Hellas Verona,,,,MF,it Serie A,27.0,10.0,4.0,423.0,4.7,0.0,0.0,0.0,0.0,5.0,0.0,0.0,0.0,0.0,3.0,11.0,11.0
4573,2020-2021,STURARO,Genoa,,,,MF,it Serie A,27.0,6.0,6.0,445.0,4.9,1.0,0.0,0.0,0.0,1.0,0.0,0.6,0.6,0.3,2.0,24.0,12.0
4574,2020-2021,TAMEZE,Hellas Verona,,,,MF,it Serie A,26.0,33.0,28.0,2304.0,25.6,1.0,0.0,0.0,0.0,6.0,0.0,1.2,1.2,0.6,33.0,101.0,58.0
4575,2020-2021,UDOGIE,Hellas Verona,,,,"DF,MF",it Serie A,17.0,6.0,0.0,170.0,1.9,0.0,0.0,0.0,0.0,1.0,0.0,0.3,0.3,0.0,2.0,7.0,7.0
4576,2020-2021,VELOSO,Hellas Verona,,,,MF,it Serie A,34.0,21.0,15.0,1316.0,14.6,2.0,2.0,2.0,2.0,1.0,0.0,1.9,0.4,0.7,19.0,85.0,11.0
4577,2020-2021,ZACCAGNI,Hellas Verona,,,,MF,it Serie A,25.0,36.0,33.0,2609.0,29.0,5.0,5.0,1.0,1.0,6.0,0.0,3.2,2.4,5.7,118.0,112.0,299.0
4578,2020-2021,DURICIC,Sassuolo,,,,"MF,FW",it Serie A,28.0,32.0,27.0,2079.0,23.1,5.0,4.0,1.0,1.0,5.0,0.0,6.2,5.4,5.8,87.0,96.0,163.0
4579,2021-2022,AKPA-AKPRO,Lazio,,,,MF,it Serie A,28.0,10.0,4.0,315.0,3.5,0.0,0.0,0.0,0.0,1.0,0.0,0.1,0.1,0.0,5.0,3.0,8.0
4580,2021-2022,ARTHUR,Fiorentina,,,,FW,it Serie A,23.0,14.0,8.0,749.0,8.3,2.0,2.0,0.0,0.0,1.0,0.0,4.2,4.2,0.4,8.0,10.0,27.0
4581,2021-2022,BALDE,Cagliari,,,,FW,it Serie A,26.0,26.0,14.0,1229.0,13.7,3.0,1.0,0.0,0.0,2.0,0.0,3.5,3.5,0.6,14.0,22.0,73.0
4582,2021-2022,BARAK,Hellas Verona,,,,"MF,FW",it Serie A,26.0,29.0,27.0,2340.0,26.0,11.0,4.0,4.0,4.0,4.0,0.0,8.9,5.7,2.7,68.0,147.0,124.0
4583,2021-2022,BASELLI,Torino,,,,"MF,FW",it Serie A,29.0,6.0,0.0,150.0,1.7,0.0,0.0,0.0,0.0,0.0,0.0,0.7,0.7,0.0,1.0,10.0,11.0
4584,2021-2022,BENASSI,Fiorentina,,,,"DF,MF",it Serie A,26.0,6.0,1.0,158.0,1.8,0.0,0.0,0.0,0.0,1.0,0.0,0.1,0.1,0.1,3.0,11.0,6.0
4585,2021-2022,BESSA,Hellas Verona,,,,MF,it Serie A,28.0,24.0,5.0,768.0,8.5,1.0,1.0,0.0,0.0,5.0,1.0,0.4,0.4,0.4,16.0,68.0,29.0
4586,2021-2022,BOGA,Sassuolo,,,,"FW,MF",it Serie A,24.0,12.0,8.0,670.0,7.4,0.0,2.0,0.0,0.0,0.0,0.0,1.0,1.0,0.8,46.0,17.0,58.0
4587,2021-2022,CAICEDO,Genoa,,,,FW,it Serie A,32.0,9.0,1.0,284.0,3.2,1.0,2.0,0.0,0.0,1.0,0.0,1.4,1.4,1.1,4.0,4.0,22.0
4588,2021-2022,CALAFIORI,Roma,,,,DF,it Serie A,19.0,6.0,2.0,174.0,1.9,0.0,1.0,0.0,0.0,2.0,0.0,0.0,0.0,0.9,3.0,3.0,6.0
4589,2021-2022,CANCELLIERI,Hellas Verona,,,,"MF,DF",it Serie A,19.0,12.0,1.0,227.0,2.5,1.0,0.0,0.0,0.0,1.0,0.0,0.2,0.1,0.2,7.0,4.0,13.0
4590,2021-2022,CAPRARI,Hellas Verona,,,,"MF,FW",it Serie A,28.0,35.0,33.0,2739.0,30.4,12.0,7.0,2.0,2.0,4.0,0.0,7.1,5.5,6.2,117.0,164.0,270.0
4591,2021-2022,CASALE,Hellas Verona,,,,DF,it Serie A,23.0,36.0,30.0,2586.0,28.7,0.0,1.0,0.0,0.0,10.0,0.0,0.7,0.7,1.0,40.0,91.0,29.0
4592,2021-2022,CECCHERINI,Hellas Verona,,,,DF,it Serie A,29.0,34.0,29.0,2358.0,26.2,1.0,0.0,0.0,0.0,12.0,1.0,1.7,1.7,0.5,20.0,95.0,41.0
4593,2021-2022,CIERVO,Sampdoria,,,,"MF,DF",it Serie A,19.0,10.0,1.0,227.0,2.5,0.0,1.0,0.0,0.0,0.0,0.0,0.1,0.1,0.2,10.0,6.0,12.0
4594,2021-2022,DAWIDOWICZ,Hellas Verona,,,,DF,it Serie A,26.0,17.0,13.0,1198.0,13.3,0.0,0.0,0.0,0.0,3.0,0.0,0.5,0.5,0.3,16.0,50.0,13.0
4595,2021-2022,DEPAOLI,Hellas Verona,,,,DF,it Serie A,24.0,18.0,7.0,703.0,7.8,1.0,1.0,0.0,0.0,3.0,0.0,0.8,0.8,0.6,12.0,30.0,33.0
4596,2021-2022,DEPAOLI,Sampdoria,,,,"MF,DF",it Serie A,24.0,6.0,1.0,112.0,1.2,0.0,0.0,0.0,0.0,1.0,0.0,0.0,0.0,0.0,0.0,5.0,6.0
4597,2021-2022,DRAGUSIN,Sampdoria,,,,DF,it Serie A,19.0,13.0,4.0,620.0,6.9,0.0,0.0,0.0,0.0,1.0,0.0,0.2,0.2,0.1,6.0,13.0,10.0
4598,2021-2022,FARAONI,Hellas Verona,,,,DF,it Serie A,29.0,32.0,30.0,2572.0,28.6,4.0,5.0,0.0,0.0,8.0,1.0,3.0,3.0,2.9,31.0,123.0,125.0
4599,2021-2022,FARES,Genoa,,,,"DF,FW",it Serie A,25.0,9.0,6.0,587.0,6.5,2.0,1.0,0.0,0.0,2.0,0.0,1.1,1.1,0.7,16.0,15.0,22.0
4600,2021-2022,MILLAN,Genoa,,,,MF,it Serie A,24.0,19.0,11.0,1028.0,11.4,0.0,0.0,0.0,0.0,2.0,0.0,0.5,0.5,1.0,4.0,45.0,22.0
4601,2021-2022,GOSENS,Atalanta,,,,DF,it Serie A,27.0,6.0,5.0,460.0,5.1,1.0,0.0,0.0,0.0,2.0,0.0,1.7,1.7,0.4,8.0,28.0,24.0
4602,2021-2022,GUNTER,Hellas Verona,,,,DF,it Serie A,26.0,30.0,29.0,2411.0,26.8,0.0,0.0,0.0,0.0,10.0,0.0,0.3,0.3,0.7,10.0,106.0,3.0
4603,2021-2022,HENRIQUE,Cagliari,,,,"DF,MF",it Serie A,27.0,28.0,27.0,2081.0,23.1,0.0,2.0,0.0,0.0,9.0,0.0,1.5,1.5,2.0,33.0,53.0,96.0
4604,2021-2022,HONGLA,Hellas Verona,,,,MF,it Serie A,23.0,18.0,7.0,651.0,7.2,1.0,0.0,0.0,0.0,3.0,0.0,1.5,1.5,0.1,6.0,23.0,12.0
4605,2021-2022,ILIC,Hellas Verona,,,,MF,it Serie A,20.0,32.0,30.0,2526.0,28.1,1.0,3.0,0.0,0.0,5.0,1.0,2.4,2.4,1.8,39.0,134.0,67.0
4606,2021-2022,KALINIC,Hellas Verona,,,,FW,it Serie A,33.0,14.0,4.0,406.0,4.5,4.0,1.0,0.0,0.0,5.0,1.0,3.2,3.2,0.9,3.0,6.0,49.0
4607,2021-2022,LASAGNA,Hellas Verona,,,,"MF,FW",it Serie A,28.0,28.0,11.0,1184.0,13.2,2.0,4.0,0.0,0.0,1.0,0.0,3.3,3.3,2.1,26.0,28.0,104.0
4608,2021-2022,LAZOVIC,Hellas Verona,,,,DF,it Serie A,30.0,34.0,32.0,2766.0,30.7,1.0,7.0,0.0,0.0,2.0,0.0,2.9,2.9,6.3,101.0,174.0,243.0
4609,2021-2022,LOVATO,Atalanta,,,,DF,it Serie A,21.0,6.0,3.0,305.0,3.4,0.0,0.0,0.0,0.0,1.0,0.0,0.0,0.0,0.1,2.0,10.0,4.0
4610,2021-2022,MAGNANI,Hellas Verona,,,,DF,it Serie A,25.0,14.0,5.0,530.0,5.9,0.0,0.0,0.0,0.0,3.0,1.0,0.9,0.9,0.0,5.0,12.0,1.0
4611,2021-2022,MAZZOCCHI,Venezia,,,,DF,it Serie A,26.0,18.0,15.0,1243.0,13.8,0.0,0.0,0.0,0.0,3.0,0.0,0.3,0.3,0.4,44.0,33.0,43.0
4612,2021-2022,MELO,Juventus,,,,MF,it Serie A,24.0,20.0,11.0,962.0,10.7,0.0,0.0,0.0,0.0,3.0,0.0,0.2,0.2,0.3,13.0,58.0,15.0
4613,2021-2022,MONTIPO,Hellas Verona,,,,GK,it Serie A,25.0,34.0,34.0,3060.0,34.0,0.0,0.0,0.0,0.0,1.0,0.0,0.0,0.0,0.0,0.0,0.0,0.0
4614,2021-2022,NWANKWO,Salernitana,,,,FW,it Serie A,29.0,19.0,10.0,842.0,9.4,1.0,1.0,0.0,0.0,0.0,0.0,3.2,3.2,0.5,3.0,10.0,48.0
4615,2021-2022,PELLEGRI,Milan,,,,FW,it Serie A,20.0,6.0,1.0,131.0,1.5,0.0,0.0,0.0,0.0,0.0,0.0,0.2,0.2,0.2,3.0,0.0,5.0
4616,2021-2022,PICCOLI,Atalanta,,,,FW,it Serie A,20.0,12.0,1.0,196.0,2.2,1.0,0.0,0.0,0.0,0.0,0.0,0.8,0.8,0.3,2.0,1.0,15.0
4617,2021-2022,RETSOS,Hellas Verona,,,,DF,it Serie A,22.0,5.0,1.0,55.0,0.6,0.0,0.0,0.0,0.0,0.0,0.0,0.0,0.0,0.1,3.0,2.0,2.0
4618,2021-2022,RICCI,Empoli,,,,MF,it Serie A,19.0,21.0,17.0,1530.0,17.0,1.0,1.0,0.0,0.0,1.0,1.0,0.2,0.2,0.3,24.0,103.0,13.0
4619,2021-2022,RINCON,Torino,,,,MF,it Serie A,33.0,7.0,1.0,163.0,1.8,0.0,0.0,0.0,0.0,2.0,0.0,0.0,0.0,0.0,0.0,7.0,1.0
4620,2021-2022,PENA,Napoli,,,,MF,it Serie A,25.0,32.0,29.0,2384.0,26.5,7.0,4.0,0.0,0.0,2.0,0.0,1.6,1.6,2.9,58.0,220.0,80.0
4621,2021-2022,SANTOS,Udinese,,,,DF,it Serie A,26.0,17.0,17.0,1421.0,15.8,0.0,0.0,0.0,0.0,5.0,0.0,0.8,0.8,0.1,14.0,46.0,11.0
4622,2021-2022,SENSI,Inter,,,,"MF,FW",it Serie A,25.0,9.0,1.0,167.0,1.9,0.0,0.0,0.0,0.0,0.0,0.0,0.4,0.4,0.3,7.0,13.0,13.0
4623,2021-2022,SIMEONE,Hellas Verona,,,,FW,it Serie A,26.0,35.0,32.0,2653.0,29.5,17.0,5.0,0.0,1.0,8.0,0.0,10.3,9.5,3.2,40.0,40.0,259.0
4624,2021-2022,SUTALO,Hellas Verona,,,,DF,it Serie A,21.0,24.0,6.0,920.0,10.2,0.0,0.0,0.0,0.0,0.0,0.0,0.2,0.2,0.0,15.0,33.0,17.0
4625,2021-2022,TAMEZE,Hellas Verona,,,,"MF,DF",it Serie A,27.0,38.0,26.0,2574.0,28.6,4.0,2.0,0.0,0.0,4.0,0.0,1.2,1.2,1.9,55.0,134.0,96.0
4626,2021-2022,TRIMBOLI,Sampdoria,,,,MF,it Serie A,19.0,5.0,0.0,65.0,0.7,0.0,0.0,0.0,0.0,1.0,0.0,0.0,0.0,0.4,2.0,6.0,4.0
4627,2021-2022,VELOSO,Hellas Verona,,,,MF,it Serie A,35.0,22.0,17.0,1343.0,14.9,0.0,3.0,0.0,0.0,7.0,1.0,0.5,0.5,1.5,31.0,103.0,13.0
4628,2021-2022,VERRE,Sampdoria,,,,"MF,FW",it Serie A,27.0,11.0,6.0,420.0,4.7,0.0,0.0,0.0,0.0,0.0,0.0,0.8,0.8,0.2,12.0,34.0,24.0
4629,2021-2022,VLAHOVIC,Fiorentina,,,,FW,it Serie A,21.0,21.0,21.0,1857.0,20.6,17.0,2.0,5.0,6.0,2.0,0.0,12.9,8.2,1.8,18.0,40.0,138.0
4630,2021-2022,DURIC,Salernitana,,,,FW,it Serie A,31.0,33.0,23.0,2165.0,24.1,5.0,4.0,1.0,1.0,6.0,0.0,5.3,4.5,3.3,7.0,35.0,100.0
4631,2021-2022,DURICIC,Sassuolo,,,,"MF,FW",it Serie A,29.0,12.0,9.0,671.0,7.5,2.0,1.0,0.0,0.0,1.0,0.0,2.0,2.0,1.6,25.0,28.0,40.0
4632,2022-2023,ABILDGAARD,Hellas Verona,,,,MF,it Serie A,26.0,13.0,6.0,592.0,6.6,0.0,0.0,0.0,0.0,2.0,0.0,0.1,0.1,0.4,2.0,15.0,8.0
4633,2022-2023,AIWUM,Cremonese,,,,DF,it Serie A,21.0,23.0,17.0,1653.0,18.4,0.0,0.0,0.0,0.0,3.0,0.0,0.2,0.2,0.4,19.0,46.0,7.0
4634,2022-2023,AKPA-AKPRO,Empoli,,,,"MF,FW",it Serie A,29.0,24.0,16.0,1356.0,15.1,1.0,1.0,0.0,0.0,9.0,2.0,1.5,1.5,1.0,19.0,39.0,37.0
4635,2022-2023,MARTINEZ,Sassuolo,,,,"FW,MF",it Serie A,21.0,22.0,1.0,368.0,4.1,1.0,1.0,0.0,0.0,1.0,0.0,1.5,1.5,0.4,2.0,6.0,19.0
4636,2022-2023,ARTHUR,Fiorentina,,,,FW,it Serie A,24.0,28.0,15.0,1432.0,15.9,8.0,1.0,2.0,2.0,4.0,0.0,7.9,6.3,0.8,11.0,21.0,86.0
4637,2022-2023,BAJRAMI,Empoli,,,,"MF,FW",it Serie A,23.0,19.0,8.0,940.0,10.4,1.0,1.0,0.0,0.0,1.0,0.0,1.2,1.2,1.2,22.0,29.0,47.0
4638,2022-2023,BERESZYNSKI,Sampdoria,,,,DF,it Serie A,30.0,15.0,15.0,1198.0,13.3,0.0,0.0,0.0,0.0,1.0,0.0,0.1,0.1,0.1,20.0,44.0,40.0
4639,2022-2023,BRAAF,Hellas Verona,,,,"MF,FW",it Serie A,19.0,6.0,2.0,288.0,3.2,0.0,0.0,0.0,0.0,1.0,0.0,0.8,0.8,0.1,10.0,5.0,29.0
4640,2022-2023,CABAL,Hellas Verona,,,,DF,it Serie A,21.0,11.0,3.0,444.0,4.9,0.0,0.0,0.0,0.0,3.0,0.0,0.0,0.0,0.3,4.0,17.0,8.0
4641,2022-2023,CAPUTO,Sampdoria,,,,FW,it Serie A,34.0,15.0,13.0,1094.0,12.2,1.0,0.0,0.0,0.0,0.0,0.0,1.9,1.9,0.5,6.0,11.0,76.0
4642,2022-2023,CARBONI,Inter,,,,"MF,DF",it Serie A,17.0,5.0,0.0,25.0,0.3,0.0,0.0,0.0,0.0,0.0,0.0,0.0,0.0,0.0,2.0,1.0,3.0
4643,2022-2023,CARLOS,Monza,,,,DF,it Serie A,23.0,35.0,35.0,3083.0,34.3,6.0,5.0,0.0,0.0,4.0,0.0,4.4,4.4,3.7,87.0,101.0,151.0
4644,2022-2023,CECCHERINI,Hellas Verona,,,,DF,it Serie A,30.0,22.0,18.0,1417.0,15.7,2.0,0.0,0.0,0.0,9.0,1.0,0.8,0.8,0.2,25.0,53.0,20.0
4645,2022-2023,COPPOLA,Hellas Verona,,,,DF,it Serie A,18.0,19.0,11.0,1177.0,13.1,0.0,0.0,0.0,0.0,5.0,0.0,0.3,0.3,0.0,9.0,42.0,8.0
4646,2022-2023,DAWIDOWICZ,Hellas Verona,,,,DF,it Serie A,27.0,23.0,20.0,1632.0,18.1,1.0,1.0,0.0,0.0,6.0,1.0,1.1,1.1,0.8,20.0,60.0,17.0
4647,2022-2023,DEPAOLI,Hellas Verona,,,,DF,it Serie A,25.0,31.0,24.0,2173.0,24.1,2.0,2.0,0.0,0.0,7.0,0.0,1.7,1.7,1.2,28.0,66.0,76.0
4648,2022-2023,DOIG,Hellas Verona,,,,DF,it Serie A,20.0,22.0,15.0,1354.0,15.0,2.0,3.0,0.0,0.0,1.0,0.0,1.8,1.8,1.2,41.0,27.0,61.0
4649,2022-2023,DUDA,Hellas Verona,,,,MF,it Serie A,27.0,15.0,11.0,1061.0,11.8,0.0,0.0,0.0,0.0,4.0,0.0,0.8,0.8,0.3,15.0,44.0,22.0
4650,2022-2023,FARAONI,Hellas Verona,,,,DF,it Serie A,30.0,23.0,19.0,1485.0,16.5,2.0,3.0,0.0,0.0,7.0,0.0,2.7,2.7,1.0,11.0,54.0,33.0
4651,2022-2023,FERRARI,Sampdoria,,,,DF,it Serie A,28.0,12.0,10.0,868.0,9.6,0.0,0.0,0.0,0.0,3.0,0.0,0.2,0.2,0.4,7.0,25.0,3.0
4652,2022-2023,GAICH,Hellas Verona,,,,FW,it Serie A,23.0,16.0,8.0,726.0,8.1,2.0,0.0,0.0,0.0,2.0,0.0,2.5,2.5,0.4,6.0,11.0,33.0
4653,2022-2023,MILLAN,Cremonese,,,,MF,it Serie A,25.0,13.0,10.0,734.0,8.2,1.0,2.0,0.0,0.0,2.0,0.0,0.3,0.3,1.1,5.0,33.0,17.0
4654,2022-2023,GUNTER,Hellas Verona,,,,DF,it Serie A,27.0,13.0,11.0,1003.0,11.1,1.0,0.0,0.0,0.0,3.0,0.0,0.9,0.9,0.9,7.0,36.0,3.0
4655,2022-2023,HENRY,Hellas Verona,,,,FW,it Serie A,27.0,16.0,13.0,1030.0,11.4,2.0,0.0,0.0,0.0,4.0,0.0,1.7,1.7,1.1,3.0,18.0,58.0
4656,2022-2023,HIEN,Hellas Verona,,,,DF,it Serie A,23.0,32.0,28.0,2607.0,29.0,0.0,0.0,0.0,0.0,9.0,0.0,0.3,0.3,0.1,17.0,54.0,2.0
4657,2022-2023,HONGLA,Hellas Verona,,,,MF,it Serie A,24.0,9.0,6.0,523.0,5.8,0.0,0.0,0.0,0.0,4.0,0.0,0.2,0.2,0.3,6.0,24.0,10.0
4658,2022-2023,HRUSTIC,Hellas Verona,,,,MF,it Serie A,26.0,6.0,3.0,226.0,2.5,0.0,0.0,0.0,0.0,0.0,0.0,0.3,0.3,0.6,7.0,8.0,12.0
4659,2022-2023,ILIC,Hellas Verona,,,,MF,it Serie A,21.0,11.0,10.0,851.0,9.5,0.0,1.0,0.0,0.0,1.0,0.0,0.4,0.4,1.0,18.0,39.0,20.0
4660,2022-2023,ILING-JUNIOR,Juventus,,,,"DF,FW",it Serie A,18.0,12.0,1.0,318.0,3.5,1.0,1.0,0.0,0.0,1.0,0.0,0.7,0.7,0.2,11.0,18.0,36.0
4661,2022-2023,KALLON,Hellas Verona,,,,"MF,FW",it Serie A,21.0,22.0,8.0,860.0,9.6,1.0,1.0,0.0,0.0,1.0,0.0,1.7,1.7,1.5,33.0,22.0,64.0
4662,2022-2023,KYRIAKOPOULOS,Sassuolo,,,,"FW,DF",it Serie A,26.0,12.0,9.0,766.0,8.5,1.0,1.0,0.0,0.0,3.0,0.0,1.1,1.1,1.4,17.0,32.0,46.0
4663,2022-2023,LAMMERS,Empoli,,,,FW,it Serie A,25.0,14.0,10.0,883.0,9.8,1.0,1.0,0.0,0.0,0.0,0.0,2.3,2.3,0.7,9.0,19.0,67.0
4664,2022-2023,LASAGNA,Hellas Verona,,,,"FW,MF",it Serie A,29.0,26.0,17.0,1572.0,17.5,1.0,2.0,0.0,0.0,2.0,0.0,6.0,6.0,1.7,36.0,19.0,105.0
4665,2022-2023,LAZOVIC,Hellas Verona,,,,"MF,DF",it Serie A,31.0,30.0,27.0,2242.0,24.9,4.0,5.0,0.0,0.0,0.0,0.0,3.6,3.6,6.4,72.0,81.0,167.0
4666,2022-2023,MAGNANI,Hellas Verona,,,,DF,it Serie A,26.0,24.0,19.0,1532.0,17.0,0.0,1.0,0.0,0.0,7.0,1.0,0.5,0.5,0.2,5.0,32.0,5.0
4667,2022-2023,MALEH,Fiorentina,,,,MF,it Serie A,23.0,7.0,4.0,297.0,3.3,0.0,0.0,0.0,0.0,2.0,0.0,0.6,0.6,0.6,3.0,11.0,17.0
4668,2022-2023,MIN-JAE,Napoli,,,,DF,it Serie A,25.0,35.0,35.0,3050.0,33.9,2.0,2.0,0.0,0.0,5.0,0.0,1.0,1.0,1.9,42.0,169.0,8.0
4669,2022-2023,MONTIPO,Hellas Verona,,,,GK,it Serie A,26.0,37.0,37.0,3330.0,37.0,0.0,0.0,0.0,0.0,1.0,0.0,0.0,0.0,0.0,0.0,0.0,0.0
4670,2022-2023,NGONGE,Hellas Verona,,,,"MF,FW",it Serie A,22.0,14.0,9.0,745.0,8.3,3.0,1.0,0.0,0.0,2.0,0.0,2.0,2.0,0.6,18.0,13.0,40.0
4671,2022-2023,NUYTINCK,Udinese,,,,DF,it Serie A,32.0,6.0,3.0,385.0,4.3,0.0,0.0,0.0,0.0,1.0,0.0,0.0,0.0,0.0,1.0,4.0,0.0
4672,2022-2023,PEPIN,Monza,,,,MF,it Serie A,25.0,25.0,11.0,1123.0,12.5,0.0,2.0,0.0,0.0,4.0,0.0,0.5,0.5,1.5,19.0,74.0,28.0
4673,2022-2023,PICCOLI,Hellas Verona,,,,FW,it Serie A,21.0,7.0,2.0,192.0,2.1,0.0,0.0,0.0,0.0,0.0,0.0,0.4,0.4,0.2,2.0,0.0,8.0
4674,2022-2023,SEMEDO,Udinese,,,,"FW,MF",it Serie A,17.0,5.0,0.0,36.0,0.4,0.0,0.0,0.0,0.0,0.0,0.0,0.1,0.1,0.0,0.0,1.0,3.0
4675,2022-2023,SHOMURODOV,Roma,,,,FW,it Serie A,27.0,6.0,1.0,119.0,1.3,0.0,0.0,0.0,0.0,0.0,0.0,0.6,0.6,0.0,3.0,4.0,15.0
4676,2022-2023,SULEMANA,Hellas Verona,,,,MF,it Serie A,19.0,16.0,6.0,651.0,7.2,0.0,0.0,0.0,0.0,4.0,0.0,0.3,0.3,0.2,4.0,18.0,5.0
4677,2022-2023,TAMEZE,Hellas Verona,,,,MF,it Serie A,28.0,37.0,35.0,3031.0,33.7,0.0,0.0,0.0,0.0,3.0,0.0,0.9,0.9,0.9,32.0,103.0,58.0
4678,2022-2023,TERRACCIANO,Hellas Verona,,,,"DF,MF",it Serie A,19.0,20.0,7.0,821.0,9.1,0.0,1.0,0.0,0.0,2.0,0.0,0.2,0.2,1.2,16.0,37.0,24.0
4679,2022-2023,VELOSO,Hellas Verona,,,,MF,it Serie A,36.0,22.0,14.0,1163.0,12.9,0.0,0.0,0.0,0.0,6.0,0.0,0.5,0.5,2.1,17.0,84.0,22.0
4680,2022-2023,VERDI,Hellas Verona,,,,"MF,FW",it Serie A,30.0,24.0,12.0,1096.0,12.2,5.0,0.0,1.0,1.0,3.0,0.0,2.6,1.8,2.1,34.0,46.0,57.0
4681,2022-2023,VIEIRA,Sampdoria,,,,MF,it Serie A,24.0,16.0,8.0,815.0,9.1,0.0,0.0,0.0,0.0,3.0,0.0,0.0,0.0,0.0,0.0,0.0,0.0
4682,2022-2023,VIGNATO,Bologna,,,,"MF,FW",it Serie A,21.0,8.0,2.0,242.0,2.7,0.0,1.0,0.0,0.0,1.0,0.0,0.1,0.1,0.4,3.0,9.0,4.0
4683,2022-2023,ZORTEA,Atalanta,,,,"DF,MF",it Serie A,23.0,9.0,1.0,222.0,2.5,1.0,0.0,0.0,0.0,1.0,0.0,0.1,0.1,0.6,11.0,9.0,13.0
4684,2022-2023,DURIC,Hellas Verona,,,,FW,it Serie A,32.0,28.0,14.0,1366.0,15.2,1.0,1.0,0.0,0.0,3.0,0.0,1.4,1.4,1.3,2.0,29.0,72.0
4685,2022-2023,DURICIC,Sampdoria,,,,"MF,FW",it Serie A,30.0,32.0,27.0,2171.0,24.1,3.0,0.0,0.0,0.0,9.0,0.0,2.7,2.7,1.9,39.0,77.0,83.0
